"","subj","cloze","item","n400","cloze_ans","N"
"1",1,0,1,7.08,0,44
"2",1,0.03,2,-0.68,1,44
"3",1,1,3,1.39,44,44
"4",1,0.93,4,22.78,41,44
"5",1,0,5,1.61,0,44
"6",1,0,6,3.01,0,44
"7",1,0.8,7,9.96,35,44
"8",1,0.03,9,-1.85,1,44
"9",1,0.03,10,8.73,1,44
"10",1,0.87,11,10.89,38,44
"11",1,1,12,-7.39,44,44
"12",1,0,13,19.05,0,44
"13",1,0,14,8.22,0,44
"14",1,0.9,15,-0.75,40,44
"15",1,0.93,16,18.58,41,44
"16",1,0,17,11.58,0,44
"17",1,0,18,30.38,0,44
"18",1,1,19,-1.15,44,44
"19",1,0.9,20,-4.26,40,44
"20",1,0.03,21,12.09,1,44
"21",1,0.17,22,-4.4,7,44
"22",1,0.93,23,2.42,41,44
"23",1,0.93,24,17.14,41,44
"24",1,0,25,-10.03,0,44
"25",1,0,26,-0.06,0,44
"26",1,0.97,27,9.57,43,44
"27",1,0.27,28,4.76,12,44
"28",1,0.9,29,-2.83,40,44
"29",1,0.9,29,-2.83,40,44
"30",1,0,30,0.28,0,44
"31",1,0.77,31,1.13,34,44
"32",1,0.8,32,-3.25,35,44
"33",1,0,33,12.52,0,44
"34",1,0.3,34,3.82,13,44
"35",1,0.97,35,28.81,43,44
"36",1,0.77,36,8.82,34,44
"37",1,0,37,-12.66,0,44
"38",1,0,38,18.11,0,44
"39",1,0.97,39,7.47,43,44
"40",1,0.93,40,15.32,41,44
"41",1,0.07,41,13.7,3,44
"42",1,0.13,42,10.75,6,44
"43",1,0.93,43,-4.02,41,44
"44",1,0.9,44,12.52,40,44
"45",1,0.17,45,11.74,7,44
"46",1,0.2,46,19.77,9,44
"47",1,1,47,20.18,44,44
"48",1,0.87,48,13.78,38,44
"49",1,0.5,49,15.76,22,44
"50",1,0.03,50,2.16,1,44
"51",1,0.9,51,-14.32,40,44
"52",1,0.87,52,-1.12,38,44
"53",1,0.07,53,-2.04,3,44
"54",1,0.3,54,6.88,13,44
"55",1,0.93,55,9,41,44
"56",1,0.93,56,2.56,41,44
"57",1,0,57,3.8,0,44
"58",1,0,58,10.62,0,44
"59",1,0.73,59,-26.88,32,44
"60",1,0.9,60,-3.74,40,44
"61",1,0,61,3.55,0,44
"62",1,0,62,15.16,0,44
"63",1,0.83,63,-6.38,37,44
"64",1,0.5,64,10.02,22,44
"65",1,0.07,65,9.07,3,44
"66",1,0.07,66,10.85,3,44
"67",1,0.87,67,-3.42,38,44
"68",1,0.27,68,2.02,12,44
"69",1,0,69,-7.02,0,44
"70",1,0.03,70,2.2,1,44
"71",1,0.9,71,-25.35,40,44
"72",1,0.9,72,-3.61,40,44
"73",1,0.07,73,10.85,3,44
"74",1,0,74,2.84,0,44
"75",1,0.6,75,16.23,26,44
"76",1,0.9,76,18.54,40,44
"77",1,0.93,77,10.11,41,44
"78",1,0.83,78,-6.5,37,44
"79",1,0.97,79,11.71,43,44
"80",1,0.97,80,9.49,43,44
"81",2,0.8,7,22.93,35,44
"82",2,0.03,2,11.3,1,44
"83",2,1,12,6.44,44,44
"84",2,0,1,-1.53,0,44
"85",2,0,13,-14.92,0,44
"86",2,0.87,11,16.65,38,44
"87",2,0.97,8,-8.35,43,44
"88",2,0,17,-10.72,0,44
"89",2,0.03,9,15.85,1,44
"90",2,1,3,2.03,44,44
"91",2,0.9,15,-26.96,40,44
"92",2,0.03,10,9.43,1,44
"93",2,1,19,22.82,44,44
"94",2,0.93,16,-20.06,41,44
"95",2,0,6,11.53,0,44
"96",2,0,18,-0.13,0,44
"97",2,0.9,20,14.91,40,44
"98",2,0,5,-3.01,0,44
"99",2,0,37,8.58,0,44
"100",2,0.77,36,-4.39,34,44
"101",2,0.27,28,-6.42,12,44
"102",2,0.97,35,7.13,43,44
"103",2,0.93,24,-6.56,41,44
"104",2,0.93,40,-6.73,41,44
"105",2,0.97,39,2.93,43,44
"106",2,0,30,10.18,0,44
"107",2,0.03,21,1.1,1,44
"108",2,0.17,22,10.65,7,44
"109",2,0.93,23,3.68,41,44
"110",2,0.77,31,0.55,34,44
"111",2,0.8,32,-11.59,35,44
"112",2,0.9,29,-2.47,40,44
"113",2,0.9,29,-2.47,40,44
"114",2,0,25,9.47,0,44
"115",2,0.3,34,2.39,13,44
"116",2,0.97,27,1.29,43,44
"117",2,0.73,59,1.61,32,44
"118",2,0.17,45,12.62,7,44
"119",2,0.5,49,1.96,22,44
"120",2,0.07,53,3.56,3,44
"121",2,0.87,48,5.01,38,44
"122",2,0.3,54,11.36,13,44
"123",2,0.93,43,-4.27,41,44
"124",2,0.13,42,1.67,6,44
"125",2,0.93,56,0.37,41,44
"126",2,0,58,13.2,0,44
"127",2,0.87,52,-17.23,38,44
"128",2,0.07,41,8.67,3,44
"129",2,0.2,46,0.27,9,44
"130",2,0.9,44,17.17,40,44
"131",2,0.9,51,-6.14,40,44
"132",2,1,47,5.23,44,44
"133",2,0.03,70,-2.89,1,44
"134",2,0.07,66,-0.81,3,44
"135",2,0.97,79,-0.45,43,44
"136",2,0.83,78,12.39,37,44
"137",2,0,69,16.7,0,44
"138",2,0.5,64,1.26,22,44
"139",2,0.87,67,-14.31,38,44
"140",2,0.9,72,10.23,40,44
"141",2,0.97,80,12.08,43,44
"142",2,0.07,65,2.56,3,44
"143",2,0.27,68,-8.64,12,44
"144",2,0.9,76,-3.4,40,44
"145",2,0,61,-3.1,0,44
"146",2,0.6,75,15.43,26,44
"147",2,0.9,71,19.74,40,44
"148",3,0.97,13,-37.17,43,44
"149",3,0.07,11,17.52,3,44
"150",3,0.2,4,20.56,9,44
"151",3,0,7,-5.2,0,44
"152",3,0,16,-3.26,0,44
"153",3,0.8,10,2.49,35,44
"154",3,0.62,17,17.07,27,44
"155",3,0.93,5,27.31,41,44
"156",3,0.34,8,-1.71,15,44
"157",3,0,15,-4.88,0,44
"158",3,0.97,1,11.51,43,44
"159",3,0,19,6.41,0,44
"160",3,0.93,9,3.38,41,44
"161",3,1,6,-7.99,44,44
"162",3,0,20,4.56,0,44
"163",3,0.07,3,-2.03,3,44
"164",3,0.87,18,-14.92,38,44
"165",3,0.13,12,-2.81,6,44
"166",3,1,2,2.93,44,44
"167",3,0.9,14,9.99,40,44
"168",3,0.9,29,1.4,40,44
"169",3,0.9,29,1.4,40,44
"170",3,0.77,21,12.96,34,44
"171",3,0.8,37,-3.78,35,44
"172",3,0.97,34,17.45,43,44
"173",3,0.03,32,5.01,1,44
"174",3,0,31,-15.63,0,44
"175",3,0.53,33,-0.31,23,44
"176",3,0.4,24,3.8,18,44
"177",3,0.87,26,9.94,38,44
"178",3,0.03,23,4.64,1,44
"179",3,0,39,10.54,0,44
"180",3,0,35,-8.88,0,44
"181",3,0.53,22,20.61,23,44
"182",3,0,27,-10.04,0,44
"183",3,0.97,25,13.17,43,44
"184",3,0.93,38,-12.83,41,44
"185",3,0.67,28,-4.03,29,44
"186",3,0.07,36,-1.13,3,44
"187",3,0,40,4.86,0,44
"188",3,0.9,30,-2.66,40,44
"189",3,0.67,45,5.71,29,44
"190",3,0.73,58,4.29,32,44
"191",3,0.63,46,8.38,28,44
"192",3,0.37,42,10.82,16,44
"193",3,0.4,49,-9.28,18,44
"194",3,0.27,60,7.8,12,44
"195",3,0.4,43,-1.34,18,44
"196",3,0.37,50,12.76,16,44
"197",3,0.93,53,-2.23,41,44
"198",3,1,41,3.94,44,44
"199",3,0.03,51,7.12,1,44
"200",3,0,52,-2.57,0,44
"201",3,0,56,3.85,0,44
"202",3,0.6,55,10.18,26,44
"203",3,0.47,44,0.11,21,44
"204",3,0.07,59,-1.33,3,44
"205",3,0.69,57,5.54,30,44
"206",3,0.13,47,6.99,6,44
"207",3,0,67,12.01,0,44
"208",3,0.93,69,2.45,41,44
"209",3,0,71,9.85,0,44
"210",3,0.7,62,5.43,31,44
"211",3,0,75,0.92,0,44
"212",3,0.97,78,-11,43,44
"213",3,0.8,73,8.34,35,44
"214",3,0,79,6.72,0,44
"215",3,0.34,61,-9.7,15,44
"216",3,0.57,70,19.87,25,44
"217",3,0.77,64,-15.74,34,44
"218",3,1,77,6.86,44,44
"219",3,0,63,3.33,0,44
"220",3,0.93,74,-0.81,41,44
"221",3,0,80,5.3,0,44
"222",3,0.1,68,7.92,4,44
"223",3,0.93,65,3.7,41,44
"224",3,0,76,6.51,0,44
"225",3,0.23,66,-11.44,10,44
"226",4,0.93,5,13.72,41,44
"227",4,1,2,-0.09,44,44
"228",4,0,20,0.83,0,44
"229",4,0,16,6.77,0,44
"230",4,0.8,10,3.58,35,44
"231",4,0.9,14,10.86,40,44
"232",4,0.93,9,10.92,41,44
"233",4,0,15,5.39,0,44
"234",4,1,6,6.71,44,44
"235",4,0.87,18,-4.72,38,44
"236",4,0,19,6.67,0,44
"237",4,0.97,1,21.06,43,44
"238",4,0.13,12,3.43,6,44
"239",4,0.07,11,16.52,3,44
"240",4,0.62,17,-8.78,27,44
"241",4,0.07,3,5.96,3,44
"242",4,0.97,13,14.26,43,44
"243",4,0.2,4,25,9,44
"244",4,0.34,8,9.12,15,44
"245",4,0.4,24,25.14,18,44
"246",4,0.67,28,17.99,29,44
"247",4,0,35,14.62,0,44
"248",4,0.07,36,23.13,3,44
"249",4,0.8,37,16.07,35,44
"250",4,0.97,34,7.79,43,44
"251",4,0.03,23,-1.86,1,44
"252",4,0.77,21,12.59,34,44
"253",4,0.87,26,2.17,38,44
"254",4,0,27,5.47,0,44
"255",4,0.93,38,16.26,41,44
"256",4,0.9,30,12.05,40,44
"257",4,0,40,14.16,0,44
"258",4,0,31,-3.19,0,44
"259",4,0.53,22,24.01,23,44
"260",4,0.9,29,6.33,40,44
"261",4,0.9,29,6.33,40,44
"262",4,0.53,33,9.67,23,44
"263",4,0,39,-5.17,0,44
"264",4,0.03,32,-6.63,1,44
"265",4,0.97,25,14.18,43,44
"266",4,0.69,57,-1.68,30,44
"267",4,0.07,59,-4.74,3,44
"268",4,0,52,15.8,0,44
"269",4,0.73,58,27.51,32,44
"270",4,0.37,42,18.17,16,44
"271",4,0.93,53,-8.37,41,44
"272",4,0.47,44,2.65,21,44
"273",4,0,56,-3.57,0,44
"274",4,0.77,54,2.75,34,44
"275",4,0.27,60,-8.25,12,44
"276",4,0.4,49,-5.82,18,44
"277",4,0.4,43,-10.43,18,44
"278",4,0.03,51,15.22,1,44
"279",4,0.67,45,9.43,29,44
"280",4,0.63,46,22.42,28,44
"281",4,0.37,50,8.57,16,44
"282",4,0.13,47,2.64,6,44
"283",4,0.6,55,-14.83,26,44
"284",4,1,41,10.93,44,44
"285",4,0,48,-8.96,0,44
"286",4,0.77,64,20.21,34,44
"287",4,0.1,68,-6,4,44
"288",4,1,77,13.88,44,44
"289",4,0,67,11.99,0,44
"290",4,0.23,66,18.51,10,44
"291",4,0,63,-1.33,0,44
"292",4,0.97,78,0.3,43,44
"293",4,0,80,3.18,0,44
"294",4,0,76,13.44,0,44
"295",4,0,72,9.43,0,44
"296",4,0.34,61,19.35,15,44
"297",4,0.93,65,-3.27,41,44
"298",4,0,71,13.58,0,44
"299",4,0.93,74,10.14,41,44
"300",4,0,75,8.69,0,44
"301",4,0.57,70,16.91,25,44
"302",4,0,79,9.41,0,44
"303",4,0.8,73,0.18,35,44
"304",4,0.7,62,7.47,31,44
"305",4,0.93,69,19.3,41,44
"306",5,0,6,4.81,0,44
"307",5,1,12,10.75,44,44
"308",5,0,1,6.58,0,44
"309",5,1,3,7,44,44
"310",5,0.9,15,-4.76,40,44
"311",5,0,14,-1.37,0,44
"312",5,0.87,11,-7.84,38,44
"313",5,0.93,16,25.51,41,44
"314",5,0,5,7.78,0,44
"315",5,0.93,4,-6.62,41,44
"316",5,0.8,7,-3.21,35,44
"317",5,0.03,2,-3.56,1,44
"318",5,0,18,-24.3,0,44
"319",5,0,13,1.09,0,44
"320",5,1,19,-5.62,44,44
"321",5,0.03,10,-3.88,1,44
"322",5,0.03,9,14.05,1,44
"323",5,0,17,-9.14,0,44
"324",5,0.97,8,5.1,43,44
"325",5,0.03,21,-5.87,1,44
"326",5,0.27,28,6.8,12,44
"327",5,0.97,35,4.18,43,44
"328",5,0,33,1.66,0,44
"329",5,0.93,23,-4.73,41,44
"330",5,0,25,2.88,0,44
"331",5,0.77,36,-5.81,34,44
"332",5,0,38,8.06,0,44
"333",5,0.93,40,13.04,41,44
"334",5,0.93,24,-3.04,41,44
"335",5,0.3,34,8.37,13,44
"336",5,0,26,6.92,0,44
"337",5,0.17,22,5.03,7,44
"338",5,0.8,32,11.18,35,44
"339",5,0.97,27,4.49,43,44
"340",5,0.97,39,4.52,43,44
"341",5,0,30,3.11,0,44
"342",5,0,37,3.32,0,44
"343",5,0.77,31,-7.18,34,44
"344",5,0.87,52,-4.69,38,44
"345",5,0.5,49,7.94,22,44
"346",5,0,58,12.91,0,44
"347",5,0,57,1.56,0,44
"348",5,0.73,59,-4.77,32,44
"349",5,0.03,50,-4.21,1,44
"350",5,0.9,51,3.42,40,44
"351",5,0.07,53,-15.63,3,44
"352",5,1,47,-8.49,44,44
"353",5,0.07,41,-1.69,3,44
"354",5,0.93,56,10.16,41,44
"355",5,0.2,46,-12.21,9,44
"356",5,0.17,45,7.53,7,44
"357",5,0.9,60,1.97,40,44
"358",5,0.3,54,13.15,13,44
"359",5,0.13,42,10.39,6,44
"360",5,0.93,43,-23.84,41,44
"361",5,0.87,48,3.04,38,44
"362",5,0.93,55,-0.12,41,44
"363",5,0.9,44,3.27,40,44
"364",5,0.27,68,-3.39,12,44
"365",5,0.03,70,6.7,1,44
"366",5,0.07,73,8.52,3,44
"367",5,0.83,78,-4.67,37,44
"368",5,0,69,5.94,0,44
"369",5,0.07,66,-4.3,3,44
"370",5,0.9,76,-3.35,40,44
"371",5,0.9,72,-10.87,40,44
"372",5,0.97,79,2.83,43,44
"373",5,0.93,77,1.35,41,44
"374",5,0.87,67,2.16,38,44
"375",5,0.83,63,2.01,37,44
"376",5,0.6,75,18.97,26,44
"377",5,0,62,7.68,0,44
"378",5,0,61,-2.63,0,44
"379",5,0.97,80,-2.82,43,44
"380",5,0.5,64,17.04,22,44
"381",5,0,74,1.74,0,44
"382",5,0.9,71,-5.96,40,44
"383",5,0.07,65,-3.54,3,44
"384",6,0,5,-26.54,0,44
"385",6,0,1,-14.81,0,44
"386",6,0.97,8,-17.41,43,44
"387",6,0,14,13.18,0,44
"388",6,0.8,7,-4.55,35,44
"389",6,0,17,2.97,0,44
"390",6,0.9,20,-2.73,40,44
"391",6,0.93,4,-0.74,41,44
"392",6,0,6,-1.34,0,44
"393",6,0.93,16,-4.03,41,44
"394",6,0.9,15,-6.14,40,44
"395",6,0.87,11,-2.02,38,44
"396",6,1,19,-0.03,44,44
"397",6,0.03,10,19.4,1,44
"398",6,1,3,-0.66,44,44
"399",6,0,18,7.43,0,44
"400",6,0,13,10.88,0,44
"401",6,0.03,2,-1.05,1,44
"402",6,0,26,0.36,0,44
"403",6,0,25,-13.06,0,44
"404",6,0.97,39,6.31,43,44
"405",6,0,37,0.66,0,44
"406",6,0.97,27,2.27,43,44
"407",6,0.93,40,11.08,41,44
"408",6,0,33,9.54,0,44
"409",6,0.93,23,-8.37,41,44
"410",6,0.8,32,-6.97,35,44
"411",6,0.03,21,-8.77,1,44
"412",6,0.77,36,5.34,34,44
"413",6,0,38,-31.61,0,44
"414",6,0,30,8.28,0,44
"415",6,0.97,35,-16.65,43,44
"416",6,0.27,28,-17.43,12,44
"417",6,0.17,22,12.77,7,44
"418",6,0.9,29,20.27,40,44
"419",6,0.9,29,20.27,40,44
"420",6,0.3,34,-7.09,13,44
"421",6,0.93,24,-1.38,41,44
"422",6,0.5,49,11.14,22,44
"423",6,0.73,59,16.73,32,44
"424",6,0.2,46,0.65,9,44
"425",6,0.87,48,6.96,38,44
"426",6,0.9,60,13.63,40,44
"427",6,0.9,51,24.06,40,44
"428",6,0.87,52,9.58,38,44
"429",6,0,58,-3.19,0,44
"430",6,0.9,44,22.57,40,44
"431",6,0.13,42,14.84,6,44
"432",6,0.93,55,7.9,41,44
"433",6,0.93,43,23.42,41,44
"434",6,0,57,-18.89,0,44
"435",6,0.07,53,-15.96,3,44
"436",6,0.07,41,10.23,3,44
"437",6,1,47,-8.54,44,44
"438",6,0.03,50,2.82,1,44
"439",6,0.3,54,25.15,13,44
"440",6,0.93,56,-0.37,41,44
"441",6,0.27,68,-19.36,12,44
"442",6,0.93,77,-13.2,41,44
"443",6,0.07,73,-8.23,3,44
"444",6,0.5,64,3.7,22,44
"445",6,0,62,-28.6,0,44
"446",6,0,61,-9.55,0,44
"447",6,0,69,-21.42,0,44
"448",6,0.9,71,-4.93,40,44
"449",6,0.07,66,-24.74,3,44
"450",6,0.03,70,8.34,1,44
"451",6,0.97,79,-4.7,43,44
"452",6,0.97,80,41.15,43,44
"453",6,0,74,-17.9,0,44
"454",6,0.9,76,10.2,40,44
"455",6,0.83,63,-2.39,37,44
"456",6,0.9,72,16.68,40,44
"457",6,0.07,65,6.26,3,44
"458",6,0.83,78,-7.31,37,44
"459",7,0,7,7.02,0,44
"460",7,0.34,8,-8.32,15,44
"461",7,0.2,4,-7.86,9,44
"462",7,0.8,10,-17.86,35,44
"463",7,0.9,14,12.31,40,44
"464",7,0.07,11,22.55,3,44
"465",7,0,19,2.29,0,44
"466",7,0.13,12,8.6,6,44
"467",7,1,6,11.89,44,44
"468",7,0,15,-5.25,0,44
"469",7,0.97,1,-0.59,43,44
"470",7,0.87,18,-0.16,38,44
"471",7,0.62,17,-12.31,27,44
"472",7,0.93,9,-1.61,41,44
"473",7,0,20,-5.69,0,44
"474",7,0.97,13,0.15,43,44
"475",7,1,2,-24.03,44,44
"476",7,0,16,-7.92,0,44
"477",7,0.07,3,-0.54,3,44
"478",7,0.93,5,26.25,41,44
"479",7,0.67,28,-8.86,29,44
"480",7,0,40,7.32,0,44
"481",7,0.9,29,11.31,40,44
"482",7,0.9,29,11.31,40,44
"483",7,0.9,30,0.37,40,44
"484",7,0.53,22,-0.28,23,44
"485",7,0,39,2.18,0,44
"486",7,0,35,0.14,0,44
"487",7,0.77,21,-18.97,34,44
"488",7,0.07,36,0.08,3,44
"489",7,0.03,32,12.61,1,44
"490",7,0,31,-0.12,0,44
"491",7,0.8,37,5.51,35,44
"492",7,0.03,23,9.39,1,44
"493",7,0.4,24,3.76,18,44
"494",7,0.87,26,-2.57,38,44
"495",7,0.97,34,2.38,43,44
"496",7,0.97,25,26.72,43,44
"497",7,0.93,38,7.01,41,44
"498",7,0,27,-9.24,0,44
"499",7,0.53,33,18.02,23,44
"500",7,1,41,7.27,44,44
"501",7,0.67,45,8.62,29,44
"502",7,0.63,46,11.03,28,44
"503",7,0.27,60,12.39,12,44
"504",7,0,56,15.45,0,44
"505",7,0.4,43,-2.05,18,44
"506",7,0.93,53,-0.14,41,44
"507",7,0.73,58,6.04,32,44
"508",7,0.13,47,-14.88,6,44
"509",7,0.37,42,12.85,16,44
"510",7,0.03,51,18.21,1,44
"511",7,0,48,-5.31,0,44
"512",7,0.37,50,11.26,16,44
"513",7,0.4,49,-11.92,18,44
"514",7,0.6,55,-9.15,26,44
"515",7,0.69,57,-2.56,30,44
"516",7,0.07,59,-3.7,3,44
"517",7,0.47,44,-29.17,21,44
"518",7,0.77,54,4.99,34,44
"519",7,0,76,-1.05,0,44
"520",7,0.57,70,7.65,25,44
"521",7,0.8,73,-17.77,35,44
"522",7,0,71,-4.35,0,44
"523",7,0.23,66,0.8,10,44
"524",7,0,75,-3.69,0,44
"525",7,0,63,-5.74,0,44
"526",7,0.1,68,-16.49,4,44
"527",7,0.97,78,4.42,43,44
"528",7,0,67,8.7,0,44
"529",7,0.93,65,-10.13,41,44
"530",7,0.93,69,9.67,41,44
"531",7,0,72,7.45,0,44
"532",7,1,77,0.83,44,44
"533",7,0.93,74,-5.61,41,44
"534",7,0.77,64,-13.81,34,44
"535",7,0,80,17.81,0,44
"536",7,0,79,33.23,0,44
"537",7,0.7,62,7.14,31,44
"538",7,0.34,61,-16.21,15,44
"539",8,0,20,24.27,0,44
"540",8,0.07,11,-5.17,3,44
"541",8,0.8,10,-1.44,35,44
"542",8,0.62,17,10.77,27,44
"543",8,0.13,12,11.63,6,44
"544",8,0,16,6.2,0,44
"545",8,0.9,14,21.96,40,44
"546",8,1,2,7.52,44,44
"547",8,1,6,-4.8,44,44
"548",8,0.07,3,9.48,3,44
"549",8,0.93,5,2.35,41,44
"550",8,0,7,-22.26,0,44
"551",8,0.87,18,10.35,38,44
"552",8,0.2,4,15.86,9,44
"553",8,0.34,8,0.88,15,44
"554",8,0.97,13,18.58,43,44
"555",8,0.97,1,4.25,43,44
"556",8,0.93,9,-17.77,41,44
"557",8,0.03,32,-5.05,1,44
"558",8,0.53,33,2.03,23,44
"559",8,0.97,25,26.26,43,44
"560",8,0.53,22,2.58,23,44
"561",8,0.87,26,27.04,38,44
"562",8,0.07,36,-9.47,3,44
"563",8,0,39,-4.54,0,44
"564",8,0.9,30,-15.38,40,44
"565",8,0.93,38,28.01,41,44
"566",8,0.03,23,-0.58,1,44
"567",8,0,27,-17.5,0,44
"568",8,0.77,21,18.48,34,44
"569",8,0.9,29,-12.19,40,44
"570",8,0.9,29,-12.19,40,44
"571",8,0.8,37,-1.52,35,44
"572",8,0.67,28,6.95,29,44
"573",8,0,35,5.37,0,44
"574",8,0.4,24,11.26,18,44
"575",8,0.97,34,25.72,43,44
"576",8,0,31,18.71,0,44
"577",8,0,40,26.95,0,44
"578",8,0.07,59,8.24,3,44
"579",8,0.93,53,12.96,41,44
"580",8,0.4,49,5.98,18,44
"581",8,0.37,50,17.83,16,44
"582",8,0,52,-12.45,0,44
"583",8,0,56,10.9,0,44
"584",8,0.69,57,14.61,30,44
"585",8,0,48,-13.47,0,44
"586",8,0.13,47,11.87,6,44
"587",8,0.73,58,6.17,32,44
"588",8,0.77,54,-6.18,34,44
"589",8,0.47,44,33,21,44
"590",8,0.63,46,15.03,28,44
"591",8,0.4,43,-10.5,18,44
"592",8,0.03,51,4.59,1,44
"593",8,1,41,-3.13,44,44
"594",8,0.37,42,16.09,16,44
"595",8,0.6,55,9.93,26,44
"596",8,0.67,45,13.79,29,44
"597",8,0,79,-5.32,0,44
"598",8,0.93,74,5.92,41,44
"599",8,0.1,68,6.29,4,44
"600",8,0.93,65,15.27,41,44
"601",8,0,75,12.65,0,44
"602",8,1,77,6.18,44,44
"603",8,0,71,-12.94,0,44
"604",8,0,76,-19.19,0,44
"605",8,0,63,-6.11,0,44
"606",8,0.23,66,-8.09,10,44
"607",8,0.8,73,0.05,35,44
"608",8,0.77,64,9.45,34,44
"609",8,0,80,-2.85,0,44
"610",8,0.34,61,16.46,15,44
"611",8,0,67,19.39,0,44
"612",8,0.93,69,2.15,41,44
"613",8,0.57,70,8.34,25,44
"614",8,0,72,-11.31,0,44
"615",8,0.97,78,31.56,43,44
"616",8,0.7,62,4.49,31,44
"617",9,1,12,-5.29,44,44
"618",9,0.03,10,-10.95,1,44
"619",9,0.93,16,8.67,41,44
"620",9,1,19,2.45,44,44
"621",9,0,18,3.23,0,44
"622",9,1,3,-0.99,44,44
"623",9,0,6,-3.1,0,44
"624",9,0.8,7,0.02,35,44
"625",9,0,13,1.1,0,44
"626",9,0,17,2.49,0,44
"627",9,0.93,4,18.8,41,44
"628",9,0,14,-5.72,0,44
"629",9,0.9,15,5.48,40,44
"630",9,0.03,9,-6.49,1,44
"631",9,0.97,8,15.29,43,44
"632",9,0,1,-12.38,0,44
"633",9,0,5,2.08,0,44
"634",9,0.03,2,-5.84,1,44
"635",9,0.87,11,10.01,38,44
"636",9,0.9,20,-11.54,40,44
"637",9,0.27,28,-0.56,12,44
"638",9,0,30,10.93,0,44
"639",9,0.3,34,1.59,13,44
"640",9,0.97,27,13.68,43,44
"641",9,0.77,36,7.41,34,44
"642",9,0,38,-12.61,0,44
"643",9,0.17,22,12.02,7,44
"644",9,0.77,31,5.83,34,44
"645",9,0.9,29,3.45,40,44
"646",9,0.9,29,3.45,40,44
"647",9,0.93,24,3.18,41,44
"648",9,0,25,0.03,0,44
"649",9,0,26,14.71,0,44
"650",9,0,33,14.83,0,44
"651",9,0.03,21,-0.35,1,44
"652",9,0.97,35,-3.49,43,44
"653",9,0.93,23,-9.89,41,44
"654",9,0.8,32,-13.09,35,44
"655",9,0.93,40,11.14,41,44
"656",9,0,37,-2.99,0,44
"657",9,0.97,39,8.28,43,44
"658",9,0.9,44,1.68,40,44
"659",9,0.17,45,31.92,7,44
"660",9,0.9,60,13.78,40,44
"661",9,1,47,-21.25,44,44
"662",9,0.03,50,23.81,1,44
"663",9,0.3,54,-0.4,13,44
"664",9,0.5,49,-0.43,22,44
"665",9,0.2,46,5.76,9,44
"666",9,0.93,56,9.41,41,44
"667",9,0,57,-11.81,0,44
"668",9,0.93,55,3.66,41,44
"669",9,0.87,48,3.98,38,44
"670",9,0.87,52,1.5,38,44
"671",9,0.9,51,13.05,40,44
"672",9,0.07,53,0.77,3,44
"673",9,0.07,41,4.01,3,44
"674",9,0.73,59,5.5,32,44
"675",9,0.93,43,-13.25,41,44
"676",9,0,58,16.4,0,44
"677",9,0.13,42,3.71,6,44
"678",9,0,74,0.14,0,44
"679",9,0.07,66,0.75,3,44
"680",9,0.9,72,0.22,40,44
"681",9,0.83,63,-5.77,37,44
"682",9,0.9,71,-18.07,40,44
"683",9,0.9,76,-3.6,40,44
"684",9,0.97,80,2.76,43,44
"685",9,0.6,75,-2.01,26,44
"686",9,0.07,65,-6.58,3,44
"687",9,0.5,64,4.62,22,44
"688",9,0.87,67,-11.5,38,44
"689",9,0,69,10.64,0,44
"690",9,0.93,77,-0.65,41,44
"691",9,0.97,79,18.39,43,44
"692",9,0.03,70,9.92,1,44
"693",9,0.07,73,12.05,3,44
"694",9,0,61,5.41,0,44
"695",9,0.83,78,11.68,37,44
"696",9,0.27,68,9.32,12,44
"697",10,0,5,-11.89,0,44
"698",10,0.03,2,-22.5,1,44
"699",10,0.93,16,1.42,41,44
"700",10,0.9,20,20.97,40,44
"701",10,0,18,-0.07,0,44
"702",10,0.87,11,-14.9,38,44
"703",10,0.97,8,2.91,43,44
"704",10,1,19,-1.13,44,44
"705",10,0,14,1.76,0,44
"706",10,1,12,-0.81,44,44
"707",10,0.03,10,-1.76,1,44
"708",10,0.8,7,2.94,35,44
"709",10,0.03,9,10.52,1,44
"710",10,0.93,4,-2.72,41,44
"711",10,1,3,33.78,44,44
"712",10,0,1,8.68,0,44
"713",10,0.9,15,4.22,40,44
"714",10,0,13,-0.81,0,44
"715",10,0,17,5.17,0,44
"716",10,0.77,36,9.93,34,44
"717",10,0.93,24,0.49,41,44
"718",10,0.17,22,-14.64,7,44
"719",10,0.93,40,16.89,41,44
"720",10,0.93,23,1.24,41,44
"721",10,0.9,29,-1.82,40,44
"722",10,0.9,29,-1.82,40,44
"723",10,0.8,32,7.44,35,44
"724",10,0,33,2.38,0,44
"725",10,0,37,-12.17,0,44
"726",10,0.27,28,2.9,12,44
"727",10,0,30,-0.05,0,44
"728",10,0.97,27,19.15,43,44
"729",10,0.97,35,8.53,43,44
"730",10,0.3,34,-1.54,13,44
"731",10,0,38,-5.14,0,44
"732",10,0.97,39,13.26,43,44
"733",10,0.77,31,25.16,34,44
"734",10,0,25,18.8,0,44
"735",10,0,26,6.5,0,44
"736",10,0.03,21,-5.3,1,44
"737",10,0.13,42,10.64,6,44
"738",10,0.9,51,6.13,40,44
"739",10,0.07,41,12.66,3,44
"740",10,0,58,14.47,0,44
"741",10,0.07,53,5.58,3,44
"742",10,0.93,56,5.89,41,44
"743",10,1,47,12.05,44,44
"744",10,0.3,54,17.28,13,44
"745",10,0.03,50,-1.1,1,44
"746",10,0.17,45,2.71,7,44
"747",10,0.5,49,2.58,22,44
"748",10,0,57,1.05,0,44
"749",10,0.87,52,-13.22,38,44
"750",10,0.93,43,15.59,41,44
"751",10,0.9,60,10.03,40,44
"752",10,0.87,48,-9.96,38,44
"753",10,0.73,59,-9.77,32,44
"754",10,0.9,44,-6.33,40,44
"755",10,0.2,46,9.27,9,44
"756",10,0.93,55,-9.75,41,44
"757",10,0,74,1.86,0,44
"758",10,0.07,66,1.26,3,44
"759",10,0,69,0.19,0,44
"760",10,0.9,76,17.12,40,44
"761",10,0.93,77,-3.97,41,44
"762",10,0.5,64,7.72,22,44
"763",10,0.97,80,-12.18,43,44
"764",10,0.97,79,10.82,43,44
"765",10,0,62,-3.65,0,44
"766",10,0.6,75,-2.36,26,44
"767",10,0.83,63,-2.96,37,44
"768",10,0.07,73,-6.21,3,44
"769",10,0.83,78,-0.97,37,44
"770",10,0.27,68,-22.49,12,44
"771",10,0,61,0.25,0,44
"772",10,0.07,65,-9.39,3,44
"773",10,0.9,71,1.4,40,44
"774",10,0.9,72,28.2,40,44
"775",11,0.97,1,-3.9,43,44
"776",11,0.13,12,8.56,6,44
"777",11,0,20,9.21,0,44
"778",11,0.97,13,22.04,43,44
"779",11,0.9,14,-11.39,40,44
"780",11,1,2,0.85,44,44
"781",11,0.07,3,3.29,3,44
"782",11,0.07,11,1.51,3,44
"783",11,0.87,18,25.42,38,44
"784",11,0,7,-5.04,0,44
"785",11,0.2,4,2.55,9,44
"786",11,0,16,-11.29,0,44
"787",11,0.93,9,3.16,41,44
"788",11,0.8,10,-20.01,35,44
"789",11,0,15,3.85,0,44
"790",11,0.62,17,6.74,27,44
"791",11,1,6,23.87,44,44
"792",11,0,19,-2.48,0,44
"793",11,0.34,8,22.29,15,44
"794",11,0.93,5,-7.72,41,44
"795",11,0.07,36,3.21,3,44
"796",11,0.9,29,2.49,40,44
"797",11,0.9,29,2.49,40,44
"798",11,0,27,20.53,0,44
"799",11,0.67,28,-0.51,29,44
"800",11,0.8,37,22.37,35,44
"801",11,0,31,1.7,0,44
"802",11,0.03,32,1.73,1,44
"803",11,0.93,38,20.4,41,44
"804",11,0.97,25,7.3,43,44
"805",11,0.4,24,-10.14,18,44
"806",11,0,40,-20.71,0,44
"807",11,0,39,19.11,0,44
"808",11,0.53,22,15.14,23,44
"809",11,0.77,21,2.79,34,44
"810",11,0,35,19.92,0,44
"811",11,0.97,34,-6.68,43,44
"812",11,0.03,23,1.58,1,44
"813",11,0.87,26,10.41,38,44
"814",11,0.53,33,25.31,23,44
"815",11,0.9,30,5.3,40,44
"816",11,0.13,47,8.48,6,44
"817",11,0.67,45,5.29,29,44
"818",11,0.93,53,12.21,41,44
"819",11,1,41,9.96,44,44
"820",11,0.69,57,24.42,30,44
"821",11,0.6,55,3.54,26,44
"822",11,0.63,46,14.13,28,44
"823",11,0,52,8.4,0,44
"824",11,0.4,49,5.72,18,44
"825",11,0.37,42,9.12,16,44
"826",11,0.4,43,16.8,18,44
"827",11,0.73,58,15.52,32,44
"828",11,0,56,2.44,0,44
"829",11,0.03,51,-6.68,1,44
"830",11,0.77,54,-14.9,34,44
"831",11,0.07,59,-1.26,3,44
"832",11,0.47,44,10.09,21,44
"833",11,0,48,-11.33,0,44
"834",11,0.27,60,13.76,12,44
"835",11,0.37,50,20.99,16,44
"836",11,0.77,64,12.46,34,44
"837",11,1,77,6.46,44,44
"838",11,0.8,73,8.64,35,44
"839",11,0,71,17,0,44
"840",11,0.7,62,-18.35,31,44
"841",11,0,79,13.5,0,44
"842",11,0.34,61,4.59,15,44
"843",11,0,75,-8.22,0,44
"844",11,0,67,-0.25,0,44
"845",11,0.93,65,7.08,41,44
"846",11,0.57,70,-0.7,25,44
"847",11,0,63,6.67,0,44
"848",11,0,80,12.84,0,44
"849",11,0.93,69,5.94,41,44
"850",11,0.97,78,5.68,43,44
"851",11,0.1,68,13.79,4,44
"852",11,0,72,-8.68,0,44
"853",11,0,76,-0.09,0,44
"854",11,0.93,74,8.57,41,44
"855",11,0.23,66,0.25,10,44
"856",12,0,18,-8.98,0,44
"857",12,0.03,9,0.51,1,44
"858",12,0,17,1.61,0,44
"859",12,1,3,14.98,44,44
"860",12,0.03,10,8.21,1,44
"861",12,1,12,-3.77,44,44
"862",12,0,6,-12.21,0,44
"863",12,0.9,20,2.41,40,44
"864",12,0.93,16,6.55,41,44
"865",12,0,5,-11.72,0,44
"866",12,0.03,2,13.3,1,44
"867",12,0,13,-0.76,0,44
"868",12,0.87,11,6.52,38,44
"869",12,0.93,4,13.32,41,44
"870",12,0.9,15,10.09,40,44
"871",12,0,14,12.8,0,44
"872",12,0,1,3.47,0,44
"873",12,1,19,18.77,44,44
"874",12,0.97,8,-4.25,43,44
"875",12,0.8,7,7.25,35,44
"876",12,0,38,-12.45,0,44
"877",12,0.93,23,5.14,41,44
"878",12,0.97,27,-3.66,43,44
"879",12,0,30,-0.33,0,44
"880",12,0.93,40,-4.94,41,44
"881",12,0.17,22,2.81,7,44
"882",12,0.97,39,-2.92,43,44
"883",12,0.77,31,-9.87,34,44
"884",12,0,37,13.69,0,44
"885",12,0.97,35,6.58,43,44
"886",12,0.3,34,-6.46,13,44
"887",12,0,26,-1.37,0,44
"888",12,0.9,29,-12.27,40,44
"889",12,0.9,29,-12.27,40,44
"890",12,0.93,24,19.2,41,44
"891",12,0.77,36,-5.07,34,44
"892",12,0.03,21,-2.41,1,44
"893",12,0.27,28,7.33,12,44
"894",12,0,33,-0.89,0,44
"895",12,0,25,14.45,0,44
"896",12,0.8,32,6.81,35,44
"897",12,0,57,4.49,0,44
"898",12,0.07,41,11.84,3,44
"899",12,0.93,55,-0.18,41,44
"900",12,0.2,46,-16.76,9,44
"901",12,0.87,52,-7.97,38,44
"902",12,0.17,45,-1.35,7,44
"903",12,0.9,51,10.55,40,44
"904",12,0.13,42,23.51,6,44
"905",12,0.93,43,-1.47,41,44
"906",12,0.87,48,-11.76,38,44
"907",12,0.3,54,-6.68,13,44
"908",12,0.93,56,-1.13,41,44
"909",12,0.07,53,11.91,3,44
"910",12,0.5,64,4.02,22,44
"911",12,0.93,77,14.79,41,44
"912",12,0.9,72,-5,40,44
"913",12,0.83,63,26.2,37,44
"914",12,0.9,76,15.4,40,44
"915",12,0.97,79,7.41,43,44
"916",12,0.07,73,11.48,3,44
"917",12,0.83,78,-6.01,37,44
"918",12,0.9,71,2.39,40,44
"919",12,0.07,65,23.71,3,44
"920",12,0,61,25.26,0,44
"921",12,0,62,0.81,0,44
"922",12,0.27,68,-9.77,12,44
"923",12,0.07,66,-7.25,3,44
"924",12,0.87,67,12.56,38,44
"925",12,0.03,70,18.1,1,44
"926",12,0.6,75,16.04,26,44
"927",12,0,74,3.66,0,44
"928",12,0,69,-18.15,0,44
"929",12,0.97,80,8.58,43,44
"930",13,0.8,10,-7.5,35,44
"931",13,0,20,17.82,0,44
"932",13,0.97,13,15.26,43,44
"933",13,0.87,18,2.55,38,44
"934",13,0,19,-3.1,0,44
"935",13,0.93,5,28.3,41,44
"936",13,0.07,11,11.18,3,44
"937",13,0.97,1,3.26,43,44
"938",13,0.2,4,13.15,9,44
"939",13,0.07,3,3.66,3,44
"940",13,0.34,8,6.29,15,44
"941",13,0.13,12,0.89,6,44
"942",13,0,16,9.08,0,44
"943",13,1,6,19.84,44,44
"944",13,0,7,9.72,0,44
"945",13,0.62,17,-18.88,27,44
"946",13,1,2,5.33,44,44
"947",13,0.9,14,2.72,40,44
"948",13,0.93,9,13.99,41,44
"949",13,0,15,-10.37,0,44
"950",13,0.9,29,7.68,40,44
"951",13,0.9,29,7.68,40,44
"952",13,0,27,-5.81,0,44
"953",13,0.67,28,10.64,29,44
"954",13,0.87,26,8.01,38,44
"955",13,0.03,32,12.88,1,44
"956",13,0,35,16.36,0,44
"957",13,0,40,-1.86,0,44
"958",13,0.93,38,-2.78,41,44
"959",13,0.53,22,10.14,23,44
"960",13,0.97,25,3.14,43,44
"961",13,0,31,13.57,0,44
"962",13,0.53,33,9.54,23,44
"963",13,0.9,30,12.7,40,44
"964",13,0.97,34,14.97,43,44
"965",13,0.03,23,-0.51,1,44
"966",13,0.4,24,5.63,18,44
"967",13,0,39,7.88,0,44
"968",13,0.77,21,6.9,34,44
"969",13,0.07,36,11.39,3,44
"970",13,0.8,37,16.71,35,44
"971",13,0.13,47,-3.58,6,44
"972",13,0.07,59,-31.59,3,44
"973",13,0.4,43,-2.95,18,44
"974",13,0.93,53,3.81,41,44
"975",13,0.4,49,-17.87,18,44
"976",13,0.77,54,-20.04,34,44
"977",13,0.37,42,2.47,16,44
"978",13,0.73,58,18.3,32,44
"979",13,0.47,44,-13.15,21,44
"980",13,0.6,55,8.68,26,44
"981",13,0,52,9.16,0,44
"982",13,0.37,50,-1.79,16,44
"983",13,0.03,51,12.21,1,44
"984",13,0,48,8.19,0,44
"985",13,0,56,18.18,0,44
"986",13,1,41,12.21,44,44
"987",13,0.69,57,-13.32,30,44
"988",13,0.27,60,-5.06,12,44
"989",13,0.67,45,-2.17,29,44
"990",13,0.63,46,-5.16,28,44
"991",13,0,79,12.83,0,44
"992",13,0.77,64,7.87,34,44
"993",13,0.8,73,-14.59,35,44
"994",13,0,71,-12.28,0,44
"995",13,0,72,-6.03,0,44
"996",13,0.7,62,-4.69,31,44
"997",13,0.57,70,-20.12,25,44
"998",13,0,80,-5.24,0,44
"999",13,0.93,69,5.46,41,44
"1000",13,1,77,-8.02,44,44
"1001",13,0.23,66,5.03,10,44
"1002",13,0,67,-10.89,0,44
"1003",13,0,76,4.4,0,44
"1004",13,0.34,61,12.89,15,44
"1005",13,0.1,68,-15.56,4,44
"1006",13,0,63,-7.42,0,44
"1007",13,0,75,-13.54,0,44
"1008",13,0.93,65,-1.17,41,44
"1009",13,0.93,74,7.38,41,44
"1010",13,0.97,78,14.69,43,44
"1011",14,0,1,-7.12,0,44
"1012",14,0,5,5.17,0,44
"1013",14,0.9,15,17.21,40,44
"1014",14,1,3,-5.12,44,44
"1015",14,0,17,-9.32,0,44
"1016",14,1,19,-5.28,44,44
"1017",14,0.87,11,-2.49,38,44
"1018",14,0,13,-2.12,0,44
"1019",14,0.93,16,-2.21,41,44
"1020",14,0.8,7,-8.58,35,44
"1021",14,0.93,4,-4.56,41,44
"1022",14,0,6,-6.14,0,44
"1023",14,1,12,-4.21,44,44
"1024",14,0,14,3.51,0,44
"1025",14,0.03,10,4.43,1,44
"1026",14,0.9,20,1.39,40,44
"1027",14,0.97,8,-12,43,44
"1028",14,0.03,2,-18.94,1,44
"1029",14,0,18,-28.29,0,44
"1030",14,0.3,34,-9.5,13,44
"1031",14,0.93,40,4.99,41,44
"1032",14,0.8,32,-19.06,35,44
"1033",14,0.27,28,12.23,12,44
"1034",14,0.97,27,-10.82,43,44
"1035",14,0.93,23,-1.89,41,44
"1036",14,0,25,-5.29,0,44
"1037",14,0,30,6.53,0,44
"1038",14,0.93,24,5.58,41,44
"1039",14,0.17,22,13.61,7,44
"1040",14,0.9,29,-2.59,40,44
"1041",14,0.9,29,-2.59,40,44
"1042",14,0,38,-0.25,0,44
"1043",14,0.97,35,-1.57,43,44
"1044",14,0.77,31,-3.38,34,44
"1045",14,0,33,4.3,0,44
"1046",14,0.77,36,8.65,34,44
"1047",14,0.97,39,-1.18,43,44
"1048",14,0,26,3.93,0,44
"1049",14,0,37,-6.97,0,44
"1050",14,0.03,21,4.39,1,44
"1051",14,0.2,46,4.36,9,44
"1052",14,1,47,-5.96,44,44
"1053",14,0.03,50,15.81,1,44
"1054",14,0,57,-2.71,0,44
"1055",14,0.5,49,0.6,22,44
"1056",14,0,58,18,0,44
"1057",14,0.93,55,-19.66,41,44
"1058",14,0.9,44,1.3,40,44
"1059",14,0.93,43,-30.94,41,44
"1060",14,0.07,41,0.95,3,44
"1061",14,0.87,48,2.55,38,44
"1062",14,0.73,59,-5.82,32,44
"1063",14,0.07,53,-14.93,3,44
"1064",14,0.9,51,-1.53,40,44
"1065",14,0.3,54,17.75,13,44
"1066",14,0.93,56,3.19,41,44
"1067",14,0.13,42,10.91,6,44
"1068",14,0.87,52,27.74,38,44
"1069",14,0.9,60,-14.7,40,44
"1070",14,0.17,45,18,7,44
"1071",14,0.27,68,-8.95,12,44
"1072",14,0,74,-4.62,0,44
"1073",14,0.93,77,7.1,41,44
"1074",14,0.07,66,-3.58,3,44
"1075",14,0.9,72,-4.11,40,44
"1076",14,0.9,76,11.39,40,44
"1077",14,0.03,70,1.33,1,44
"1078",14,0.6,75,10.54,26,44
"1079",14,0.07,65,4.96,3,44
"1080",14,0.87,67,-4.62,38,44
"1081",14,0.07,73,-2.2,3,44
"1082",14,0.5,64,-0.27,22,44
"1083",14,0.97,79,0.59,43,44
"1084",14,0.83,78,-5.94,37,44
"1085",14,0,62,2,0,44
"1086",14,0.83,63,4.33,37,44
"1087",14,0.97,80,3.7,43,44
"1088",14,0.9,71,1.56,40,44
"1089",14,0,61,9,0,44
"1090",14,0,69,-10.8,0,44
"1091",15,0.07,11,52.43,3,44
"1092",15,0,7,-17.66,0,44
"1093",15,1,2,7.91,44,44
"1094",15,0.9,14,7.88,40,44
"1095",15,0.62,17,-10.05,27,44
"1096",15,0,20,12.81,0,44
"1097",15,0.93,5,10.27,41,44
"1098",15,0.07,3,-38.89,3,44
"1099",15,0.34,8,21.28,15,44
"1100",15,0.87,18,-7.67,38,44
"1101",15,0,16,1.35,0,44
"1102",15,0.97,1,-9.44,43,44
"1103",15,0.97,13,10.02,43,44
"1104",15,0.2,4,-18.07,9,44
"1105",15,0,15,11.92,0,44
"1106",15,1,6,-5.15,44,44
"1107",15,0.93,9,16.68,41,44
"1108",15,0,19,-1.08,0,44
"1109",15,0.13,12,-6.97,6,44
"1110",15,0.8,10,-8.31,35,44
"1111",15,0.9,29,4.82,40,44
"1112",15,0.9,29,4.82,40,44
"1113",15,0.53,33,-13.84,23,44
"1114",15,0.93,38,6.05,41,44
"1115",15,0.77,21,28.15,34,44
"1116",15,0.07,36,4.98,3,44
"1117",15,0,40,11.85,0,44
"1118",15,0,39,-2.73,0,44
"1119",15,0.4,24,-1.59,18,44
"1120",15,0.67,28,19.34,29,44
"1121",15,0.8,37,7.17,35,44
"1122",15,0.97,34,7.07,43,44
"1123",15,0,31,2.84,0,44
"1124",15,0.53,22,-1.83,23,44
"1125",15,0,35,8,0,44
"1126",15,0.97,25,1.88,43,44
"1127",15,0.87,26,7.8,38,44
"1128",15,0,27,12.94,0,44
"1129",15,0.03,23,1.84,1,44
"1130",15,0.03,32,-16.64,1,44
"1131",15,0,48,1.92,0,44
"1132",15,0.73,58,-14.29,32,44
"1133",15,0.47,44,1.66,21,44
"1134",15,0.6,55,4.74,26,44
"1135",15,0.93,53,-19.71,41,44
"1136",15,0.63,46,14.29,28,44
"1137",15,1,41,9.67,44,44
"1138",15,0.03,51,-30.29,1,44
"1139",15,0.37,50,0.87,16,44
"1140",15,0.69,57,6.19,30,44
"1141",15,0,52,10.5,0,44
"1142",15,0.13,47,-6.29,6,44
"1143",15,0.07,59,4.96,3,44
"1144",15,0.27,60,18.35,12,44
"1145",15,0.4,49,-6.16,18,44
"1146",15,0.67,45,18.21,29,44
"1147",15,0,56,42.53,0,44
"1148",15,0,72,-1.02,0,44
"1149",15,0,63,-2.89,0,44
"1150",15,0.57,70,47.96,25,44
"1151",15,0.93,74,17.7,41,44
"1152",15,0,71,5.88,0,44
"1153",15,0.23,66,18.85,10,44
"1154",15,0.34,61,8.58,15,44
"1155",15,0,80,-22,0,44
"1156",15,0.77,64,4,34,44
"1157",15,0,76,-26.31,0,44
"1158",15,0.93,69,-11.42,41,44
"1159",15,1,77,2.97,44,44
"1160",15,0.8,73,7.74,35,44
"1161",15,0,67,1.2,0,44
"1162",15,0.97,78,-5.39,43,44
"1163",15,0.7,62,-1.52,31,44
"1164",15,0,79,4.58,0,44
"1165",15,0.1,68,-31.62,4,44
"1166",15,0.93,65,21.54,41,44
"1167",15,0,75,-3.22,0,44
"1168",16,0.07,3,-15.01,3,44
"1169",16,0.8,10,2.86,35,44
"1170",16,0.62,17,21.71,27,44
"1171",16,0.93,5,-26.17,41,44
"1172",16,0.9,14,15.87,40,44
"1173",16,0.97,1,-1.1,43,44
"1174",16,0.13,12,-16.64,6,44
"1175",16,1,6,9.32,44,44
"1176",16,0.87,18,-5.28,38,44
"1177",16,0,20,33.49,0,44
"1178",16,0,7,-2.56,0,44
"1179",16,0.93,9,8.77,41,44
"1180",16,0,16,-7.76,0,44
"1181",16,0.07,11,8.01,3,44
"1182",16,0,19,6.03,0,44
"1183",16,0.2,4,17.09,9,44
"1184",16,0.97,13,-10.73,43,44
"1185",16,0,15,-6.75,0,44
"1186",16,0.97,25,-12.23,43,44
"1187",16,0,40,-8.96,0,44
"1188",16,0,31,-8.62,0,44
"1189",16,0.77,21,-1.35,34,44
"1190",16,0.67,28,-2.34,29,44
"1191",16,0.9,30,0.6,40,44
"1192",16,0.07,36,-25.51,3,44
"1193",16,0.4,24,12.52,18,44
"1194",16,0.9,29,-3.21,40,44
"1195",16,0.9,29,-3.21,40,44
"1196",16,0,39,-8.94,0,44
"1197",16,0.03,32,1.59,1,44
"1198",16,0.87,26,4.36,38,44
"1199",16,0.93,38,-30.58,41,44
"1200",16,0.53,33,7.35,23,44
"1201",16,0,35,14.74,0,44
"1202",16,0.03,23,5.14,1,44
"1203",16,0.8,37,-14.4,35,44
"1204",16,0.53,22,-14.52,23,44
"1205",16,0.97,34,-4.08,43,44
"1206",16,0,48,-7.61,0,44
"1207",16,0.73,58,0.45,32,44
"1208",16,0.37,42,15.79,16,44
"1209",16,0.6,55,5.6,26,44
"1210",16,0,56,-7.87,0,44
"1211",16,0.37,50,2.11,16,44
"1212",16,0.27,60,7.12,12,44
"1213",16,0.67,45,3.9,29,44
"1214",16,0.63,46,-12.4,28,44
"1215",16,0.93,53,4.68,41,44
"1216",16,0.03,51,11.48,1,44
"1217",16,0.4,49,5.85,18,44
"1218",16,1,41,4.37,44,44
"1219",16,0.47,44,0.68,21,44
"1220",16,0.69,57,2.06,30,44
"1221",16,0.13,47,10.94,6,44
"1222",16,0.07,59,15.28,3,44
"1223",16,0.4,43,7.5,18,44
"1224",16,0,79,-5.66,0,44
"1225",16,0.57,70,2.46,25,44
"1226",16,0.93,65,7.62,41,44
"1227",16,0,75,2.11,0,44
"1228",16,0,63,-6.56,0,44
"1229",16,0.77,64,4.07,34,44
"1230",16,0.34,61,-4.78,15,44
"1231",16,0,71,-18.04,0,44
"1232",16,0.93,74,-7.99,41,44
"1233",16,0.1,68,9.99,4,44
"1234",16,0.7,62,-8.91,31,44
"1235",16,0.97,78,8.42,43,44
"1236",16,0.8,73,7.74,35,44
"1237",16,0.93,69,-10.15,41,44
"1238",16,0,72,0.49,0,44
"1239",16,0.23,66,-1.21,10,44
"1240",16,0,80,-3.6,0,44
"1241",16,0,67,6.04,0,44
"1242",16,1,77,-2.54,44,44
"1243",17,0,1,1.46,0,44
"1244",17,0.93,4,15.32,41,44
"1245",17,0,18,14.56,0,44
"1246",17,0.03,2,-1.98,1,44
"1247",17,0,6,21.03,0,44
"1248",17,1,3,21.4,44,44
"1249",17,1,19,12.35,44,44
"1250",17,0,17,-3.44,0,44
"1251",17,0.9,20,7.84,40,44
"1252",17,0.87,11,18.72,38,44
"1253",17,0.93,16,-4.5,41,44
"1254",17,0.9,15,14.25,40,44
"1255",17,0.03,9,2.3,1,44
"1256",17,0,5,4.16,0,44
"1257",17,0.77,36,-13.52,34,44
"1258",17,0,38,-22.44,0,44
"1259",17,0.93,23,6.26,41,44
"1260",17,0.3,34,7.73,13,44
"1261",17,0.27,28,24.66,12,44
"1262",17,0,25,10.7,0,44
"1263",17,0.8,32,17.09,35,44
"1264",17,0.93,40,13.34,41,44
"1265",17,0,30,11.46,0,44
"1266",17,0.97,35,-4.13,43,44
"1267",17,0.9,29,16.85,40,44
"1268",17,0.9,29,16.85,40,44
"1269",17,0,33,-3.85,0,44
"1270",17,0,26,11.84,0,44
"1271",17,0.93,24,0.65,41,44
"1272",17,0.97,39,20.42,43,44
"1273",17,0.77,31,20.57,34,44
"1274",17,0.9,51,-16.46,40,44
"1275",17,0.93,55,11.01,41,44
"1276",17,0,58,4.35,0,44
"1277",17,0.9,60,20.33,40,44
"1278",17,0.9,44,1.02,40,44
"1279",17,0.5,49,4.31,22,44
"1280",17,0.87,52,2.24,38,44
"1281",17,0.73,59,9.12,32,44
"1282",17,0.07,53,3.7,3,44
"1283",17,0.07,41,18.33,3,44
"1284",17,0.2,46,1.54,9,44
"1285",17,0.93,43,11.23,41,44
"1286",17,0.13,42,-16.33,6,44
"1287",17,1,47,12.69,44,44
"1288",17,0.93,56,-5.89,41,44
"1289",17,0.87,48,1.73,38,44
"1290",17,0.03,50,18.65,1,44
"1291",17,0.17,45,27.69,7,44
"1292",17,0.07,73,2.3,3,44
"1293",17,0.07,66,5.39,3,44
"1294",17,0,69,8.5,0,44
"1295",17,0,61,-8.87,0,44
"1296",17,0.6,75,20.9,26,44
"1297",17,0.93,77,15.04,41,44
"1298",17,0.27,68,8.44,12,44
"1299",17,0.83,63,3.44,37,44
"1300",17,0.83,78,2.02,37,44
"1301",17,0.9,71,9.89,40,44
"1302",17,0.97,80,5.75,43,44
"1303",17,0.97,79,-4.57,43,44
"1304",17,0,62,5.16,0,44
"1305",17,0.07,65,19.79,3,44
"1306",17,0.9,72,12.26,40,44
"1307",17,0.03,70,-8.36,1,44
"1308",17,0,74,1.33,0,44
"1309",17,0.87,67,-14.17,38,44
"1310",17,0.5,64,2.4,22,44
"1311",18,1,12,-4.77,44,44
"1312",18,0,6,10.4,0,44
"1313",18,0.9,15,0.08,40,44
"1314",18,0,18,-16.46,0,44
"1315",18,0.9,20,-9.43,40,44
"1316",18,0.93,4,18.14,41,44
"1317",18,0.03,10,9.87,1,44
"1318",18,0,13,18.53,0,44
"1319",18,0,14,-4.52,0,44
"1320",18,0,5,-25.29,0,44
"1321",18,0.93,16,13.54,41,44
"1322",18,0.97,8,24.9,43,44
"1323",18,0,1,-11.66,0,44
"1324",18,0.03,9,-20.81,1,44
"1325",18,1,3,13.81,44,44
"1326",18,0,17,-1.05,0,44
"1327",18,0.8,7,-24.41,35,44
"1328",18,0.03,2,3.9,1,44
"1329",18,0.17,22,12.02,7,44
"1330",18,0.9,29,-15.53,40,44
"1331",18,0.9,29,-15.53,40,44
"1332",18,0.03,21,0.63,1,44
"1333",18,0.93,40,15,41,44
"1334",18,0,26,0.93,0,44
"1335",18,0.93,23,-11.39,41,44
"1336",18,0,30,1.71,0,44
"1337",18,0.93,24,1.39,41,44
"1338",18,0,38,-4.51,0,44
"1339",18,0.97,39,1.87,43,44
"1340",18,0.27,28,16.01,12,44
"1341",18,0,33,22.32,0,44
"1342",18,0.8,32,12.53,35,44
"1343",18,0.77,31,-18.22,34,44
"1344",18,0,58,-3.95,0,44
"1345",18,0.17,45,1.44,7,44
"1346",18,0.03,50,12.69,1,44
"1347",18,0,57,12.95,0,44
"1348",18,0.07,41,-16.41,3,44
"1349",18,0.93,43,1.11,41,44
"1350",18,0.93,56,29.3,41,44
"1351",18,0.9,44,18.03,40,44
"1352",18,0.07,53,-7.93,3,44
"1353",18,0.13,42,17.61,6,44
"1354",18,0.9,60,7.58,40,44
"1355",18,0.87,52,1.47,38,44
"1356",18,0.73,59,-3.11,32,44
"1357",18,0.5,49,-20.92,22,44
"1358",18,0.2,46,19.84,9,44
"1359",18,1,47,0.8,44,44
"1360",18,0.93,55,-12.65,41,44
"1361",18,0.07,73,4.45,3,44
"1362",18,0.93,77,0.49,41,44
"1363",18,0.9,76,-3.36,40,44
"1364",18,0.03,70,-15.89,1,44
"1365",18,0,62,-17.18,0,44
"1366",18,0.27,68,-2.79,12,44
"1367",18,0.6,75,-1.67,26,44
"1368",18,0,61,0.8,0,44
"1369",18,0,74,1.36,0,44
"1370",18,0.83,78,12.43,37,44
"1371",18,0.9,72,4.29,40,44
"1372",18,0,69,0.88,0,44
"1373",18,0.9,71,6.81,40,44
"1374",18,0.5,64,-5.49,22,44
"1375",18,0.97,80,4.54,43,44
"1376",18,0.83,63,8.77,37,44
"1377",18,0.97,79,-7.24,43,44
"1378",18,0.07,65,4.76,3,44
"1379",18,0.07,66,8.87,3,44
"1380",19,0.2,4,-6.6,9,44
"1381",19,0,16,9.83,0,44
"1382",19,0.07,11,21.82,3,44
"1383",19,0.34,8,10.24,15,44
"1384",19,0.8,10,6.75,35,44
"1385",19,0,20,7.49,0,44
"1386",19,0.93,9,25.44,41,44
"1387",19,0,15,12.58,0,44
"1388",19,0.97,13,22.75,43,44
"1389",19,0,19,19.14,0,44
"1390",19,0,7,4.85,0,44
"1391",19,1,6,15.34,44,44
"1392",19,0.07,3,20.43,3,44
"1393",19,0.62,17,3.69,27,44
"1394",19,0.93,5,-5.31,41,44
"1395",19,1,2,-4.98,44,44
"1396",19,0.87,18,0.52,38,44
"1397",19,0.9,14,7.62,40,44
"1398",19,0.13,12,18.87,6,44
"1399",19,0.87,26,8.67,38,44
"1400",19,0.53,33,4.99,23,44
"1401",19,0,35,7.07,0,44
"1402",19,0.9,29,-10.75,40,44
"1403",19,0.9,29,-10.75,40,44
"1404",19,0.67,28,12.45,29,44
"1405",19,0,31,5.53,0,44
"1406",19,0.9,30,17.71,40,44
"1407",19,0.4,24,23.34,18,44
"1408",19,0,40,3.86,0,44
"1409",19,0.97,34,15.31,43,44
"1410",19,0.03,32,-5.54,1,44
"1411",19,0.03,23,-16.75,1,44
"1412",19,0.07,36,14.84,3,44
"1413",19,0.77,21,7.6,34,44
"1414",19,0.8,37,-1.17,35,44
"1415",19,0,27,4.17,0,44
"1416",19,0.97,25,14.72,43,44
"1417",19,0,39,8.39,0,44
"1418",19,0.53,22,15.37,23,44
"1419",19,0.93,38,6.87,41,44
"1420",19,0.37,50,24.31,16,44
"1421",19,0.07,59,-22.78,3,44
"1422",19,0.27,60,6.42,12,44
"1423",19,0.73,58,0.8,32,44
"1424",19,0.13,47,1.08,6,44
"1425",19,0.77,54,28.08,34,44
"1426",19,0.37,42,30.31,16,44
"1427",19,0.6,55,-1.26,26,44
"1428",19,0.67,45,-7,29,44
"1429",19,0.4,49,19.19,18,44
"1430",19,0.93,53,-10.19,41,44
"1431",19,0,48,11.91,0,44
"1432",19,0.69,57,4.48,30,44
"1433",19,0,52,-5.43,0,44
"1434",19,0.63,46,8.12,28,44
"1435",19,0.47,44,10.7,21,44
"1436",19,0,56,10.86,0,44
"1437",19,1,41,0.8,44,44
"1438",19,0.03,51,12.23,1,44
"1439",19,0.4,43,1.12,18,44
"1440",19,0,72,1.56,0,44
"1441",19,0.97,78,5.7,43,44
"1442",19,0.77,64,5.82,34,44
"1443",19,0,80,-4.17,0,44
"1444",19,0,71,7.53,0,44
"1445",19,0,76,4.89,0,44
"1446",19,0.8,73,12.54,35,44
"1447",19,0,67,3.41,0,44
"1448",19,0,75,15.65,0,44
"1449",19,0.23,66,8.15,10,44
"1450",19,0.93,74,8.88,41,44
"1451",19,0.1,68,0.43,4,44
"1452",19,1,77,22.19,44,44
"1453",19,0.7,62,14.98,31,44
"1454",19,0.57,70,-9.65,25,44
"1455",19,0.93,69,25.1,41,44
"1456",19,0.93,65,12.13,41,44
"1457",19,0,79,8.08,0,44
"1458",19,0,63,-3.29,0,44
"1459",19,0.34,61,20.1,15,44
"1460",20,0.93,5,15.38,41,44
"1461",20,0.9,14,19.31,40,44
"1462",20,0.2,4,26,9,44
"1463",20,0.62,17,9.99,27,44
"1464",20,0.8,10,-14.2,35,44
"1465",20,0.93,9,7.37,41,44
"1466",20,0,19,-5.96,0,44
"1467",20,0,7,0.98,0,44
"1468",20,0,20,-5.7,0,44
"1469",20,0.97,1,5.58,43,44
"1470",20,0.87,18,0.27,38,44
"1471",20,0,15,20.55,0,44
"1472",20,1,6,-2.69,44,44
"1473",20,0,16,31.29,0,44
"1474",20,0.97,13,32.55,43,44
"1475",20,0.13,12,-11.69,6,44
"1476",20,0.07,11,14.44,3,44
"1477",20,1,2,12.73,44,44
"1478",20,0.07,3,22.39,3,44
"1479",20,0.53,33,4.8,23,44
"1480",20,0.03,23,-4.2,1,44
"1481",20,0,39,-15.59,0,44
"1482",20,0.93,38,0.65,41,44
"1483",20,0.07,36,0.45,3,44
"1484",20,0.4,24,10.86,18,44
"1485",20,0,31,23.78,0,44
"1486",20,0.8,37,13.97,35,44
"1487",20,0.67,28,4,29,44
"1488",20,0.9,30,16.63,40,44
"1489",20,0,35,24.49,0,44
"1490",20,0.53,22,22.51,23,44
"1491",20,0.9,29,4.39,40,44
"1492",20,0.9,29,4.39,40,44
"1493",20,0.87,26,0.29,38,44
"1494",20,0.97,34,2.67,43,44
"1495",20,0.97,25,6.84,43,44
"1496",20,0.77,21,25.07,34,44
"1497",20,0,40,-21.41,0,44
"1498",20,0.03,32,5.22,1,44
"1499",20,0,27,3.5,0,44
"1500",20,0.47,44,-4.18,21,44
"1501",20,1,41,3.63,44,44
"1502",20,0.93,53,2.77,41,44
"1503",20,0.07,59,28.61,3,44
"1504",20,0.6,55,9.33,26,44
"1505",20,0.63,46,26.34,28,44
"1506",20,0.37,50,-10.16,16,44
"1507",20,0,52,13.68,0,44
"1508",20,0.4,43,14.54,18,44
"1509",20,0.03,51,3.21,1,44
"1510",20,0,48,-13.22,0,44
"1511",20,0.69,57,-1.84,30,44
"1512",20,0.4,49,12.97,18,44
"1513",20,0.73,58,1.94,32,44
"1514",20,0.37,42,2.01,16,44
"1515",20,0.13,47,14.1,6,44
"1516",20,0,56,42.72,0,44
"1517",20,0.67,45,-11.49,29,44
"1518",20,0.27,60,22.96,12,44
"1519",20,0,76,3.89,0,44
"1520",20,0.93,65,-8.04,41,44
"1521",20,0,75,5.04,0,44
"1522",20,1,77,-22.85,44,44
"1523",20,0,72,17.32,0,44
"1524",20,0.77,64,11.04,34,44
"1525",20,0.97,78,8.68,43,44
"1526",20,0,67,-6.22,0,44
"1527",20,0.23,66,13.12,10,44
"1528",20,0.57,70,16.02,25,44
"1529",20,0.93,69,8.1,41,44
"1530",20,0.8,73,-32.63,35,44
"1531",20,0,79,-5.15,0,44
"1532",20,0.7,62,10.41,31,44
"1533",20,0.1,68,-14.25,4,44
"1534",20,0.93,74,7.1,41,44
"1535",20,0,63,4.42,0,44
"1536",20,0,80,4.68,0,44
"1537",20,0,71,-1.61,0,44
"1538",20,0.34,61,14.96,15,44
"1539",21,0.93,5,9.79,41,44
"1540",21,0,15,5.96,0,44
"1541",21,0.97,1,3.39,43,44
"1542",21,0.2,4,10.44,9,44
"1543",21,0,16,-1.02,0,44
"1544",21,1,6,11.05,44,44
"1545",21,0.97,13,16.36,43,44
"1546",21,0.62,17,13.34,27,44
"1547",21,0,20,-1.55,0,44
"1548",21,0.07,11,9.8,3,44
"1549",21,0.9,14,18.42,40,44
"1550",21,0.93,9,-7.59,41,44
"1551",21,0.07,3,-6.11,3,44
"1552",21,0.87,18,12.18,38,44
"1553",21,0.34,8,9.67,15,44
"1554",21,0,19,-1.38,0,44
"1555",21,0.13,12,13.2,6,44
"1556",21,0.8,10,14.78,35,44
"1557",21,0,31,4.58,0,44
"1558",21,0.9,30,2.06,40,44
"1559",21,0.4,24,-7.73,18,44
"1560",21,0.07,36,12.68,3,44
"1561",21,0.9,29,14.33,40,44
"1562",21,0.9,29,14.33,40,44
"1563",21,0.77,21,9.38,34,44
"1564",21,0.03,32,-0.5,1,44
"1565",21,0.53,22,-18.17,23,44
"1566",21,0.87,26,6.08,38,44
"1567",21,0,35,-14.11,0,44
"1568",21,0.67,28,2.77,29,44
"1569",21,0,40,-5.94,0,44
"1570",21,0,27,-10.25,0,44
"1571",21,0.93,38,-20.98,41,44
"1572",21,0.97,34,12.05,43,44
"1573",21,0.97,25,-9.14,43,44
"1574",21,0.53,33,-12.92,23,44
"1575",21,0.8,37,-8.11,35,44
"1576",21,0.03,23,-13.87,1,44
"1577",21,0.47,44,-20.26,21,44
"1578",21,0.37,50,15.3,16,44
"1579",21,0.4,43,-1.65,18,44
"1580",21,0.77,54,-1.12,34,44
"1581",21,0.07,59,1.69,3,44
"1582",21,0.27,60,-7.99,12,44
"1583",21,0.63,46,-1.8,28,44
"1584",21,0.37,42,9.62,16,44
"1585",21,0.93,53,2.54,41,44
"1586",21,0.03,51,-0.72,1,44
"1587",21,0.73,58,18.3,32,44
"1588",21,0.6,55,-13.44,26,44
"1589",21,0.67,45,1.97,29,44
"1590",21,0.4,49,28.88,18,44
"1591",21,0.13,47,1.77,6,44
"1592",21,0,48,3.83,0,44
"1593",21,1,41,6.73,44,44
"1594",21,0.69,57,17.14,30,44
"1595",21,0,56,-1.05,0,44
"1596",21,0,52,-15.14,0,44
"1597",21,0.93,65,13.01,41,44
"1598",21,0.93,74,2.06,41,44
"1599",21,0,79,3.85,0,44
"1600",21,0.34,61,6.55,15,44
"1601",21,0.93,69,13.34,41,44
"1602",21,0,63,5.63,0,44
"1603",21,0,72,2.43,0,44
"1604",21,0.97,78,4.52,43,44
"1605",21,0.23,66,-37.36,10,44
"1606",21,0.77,64,15.23,34,44
"1607",21,0.7,62,-11.19,31,44
"1608",21,0.1,68,-9.51,4,44
"1609",21,0.8,73,8.09,35,44
"1610",21,0,75,-9.85,0,44
"1611",21,0,80,-8.05,0,44
"1612",21,0,76,19.98,0,44
"1613",21,0.57,70,-3.59,25,44
"1614",22,0,1,15.66,0,44
"1615",22,0.93,4,8.85,41,44
"1616",22,0.93,16,12.55,41,44
"1617",22,1,3,-8.89,44,44
"1618",22,0,18,-15.11,0,44
"1619",22,0.8,7,-5.83,35,44
"1620",22,0,14,10.13,0,44
"1621",22,0,13,-2.75,0,44
"1622",22,0.03,2,1.97,1,44
"1623",22,0.03,9,1.27,1,44
"1624",22,0.9,15,21.66,40,44
"1625",22,0,5,-6.27,0,44
"1626",22,0,17,-0.59,0,44
"1627",22,0.03,10,3.45,1,44
"1628",22,0,6,2.83,0,44
"1629",22,0.9,20,1.13,40,44
"1630",22,0.97,8,-10,43,44
"1631",22,1,12,-12.45,44,44
"1632",22,1,19,-4.37,44,44
"1633",22,0.87,11,23.04,38,44
"1634",22,0.97,27,-5.55,43,44
"1635",22,0.8,32,-6.55,35,44
"1636",22,0,38,-4.83,0,44
"1637",22,0.97,35,14.94,43,44
"1638",22,0.9,29,-14.48,40,44
"1639",22,0.9,29,-14.48,40,44
"1640",22,0.93,24,5.47,41,44
"1641",22,0,26,9.76,0,44
"1642",22,0,37,-10.43,0,44
"1643",22,0.27,28,0.79,12,44
"1644",22,0,30,-5.04,0,44
"1645",22,0,33,11.41,0,44
"1646",22,0.93,23,-2.82,41,44
"1647",22,0.93,40,-3.35,41,44
"1648",22,0.17,22,11.82,7,44
"1649",22,0.97,39,8.29,43,44
"1650",22,0.03,21,-8.48,1,44
"1651",22,0,25,1.94,0,44
"1652",22,0.77,31,24.4,34,44
"1653",22,0.77,36,2.75,34,44
"1654",22,0.3,34,7.27,13,44
"1655",22,0.9,51,-10.71,40,44
"1656",22,0.3,54,1.05,13,44
"1657",22,0.2,46,3.84,9,44
"1658",22,0,57,-1.61,0,44
"1659",22,0.87,52,-5.35,38,44
"1660",22,0.93,55,12.57,41,44
"1661",22,0.17,45,8.42,7,44
"1662",22,0,58,11.49,0,44
"1663",22,0.07,53,4.08,3,44
"1664",22,0.87,48,4.72,38,44
"1665",22,0.9,60,15.92,40,44
"1666",22,0.5,49,0.02,22,44
"1667",22,0.9,44,8.73,40,44
"1668",22,0.03,50,10.81,1,44
"1669",22,0.93,56,-14.46,41,44
"1670",22,0.73,59,-0.57,32,44
"1671",22,0.93,43,-16.24,41,44
"1672",22,0.07,41,3.62,3,44
"1673",22,0.13,42,6.86,6,44
"1674",22,1,47,10.76,44,44
"1675",22,0.27,68,2.72,12,44
"1676",22,0.87,67,-1.98,38,44
"1677",22,0.03,70,3.67,1,44
"1678",22,0.07,65,-5.97,3,44
"1679",22,0,74,10.99,0,44
"1680",22,0.93,77,-14.8,41,44
"1681",22,0.9,71,-5.71,40,44
"1682",22,0.83,63,8.77,37,44
"1683",22,0.97,79,10.07,43,44
"1684",22,0.6,75,-21.43,26,44
"1685",22,0,61,6.65,0,44
"1686",22,0.07,73,-7.48,3,44
"1687",22,0.9,76,0.93,40,44
"1688",22,0,62,0.82,0,44
"1689",22,0.07,66,-3.53,3,44
"1690",22,0.9,72,2.02,40,44
"1691",22,0.97,80,-3.51,43,44
"1692",22,0.83,78,12.66,37,44
"1693",22,0.5,64,10.16,22,44
"1694",22,0,69,2.66,0,44
"1695",23,0.62,17,3.83,27,44
"1696",23,0.97,13,-5.62,43,44
"1697",23,0.8,10,4.98,35,44
"1698",23,0.34,8,-8.42,15,44
"1699",23,0.07,3,11.78,3,44
"1700",23,0.93,5,8.38,41,44
"1701",23,0,16,-6.87,0,44
"1702",23,0.2,4,-1.23,9,44
"1703",23,1,6,-6.13,44,44
"1704",23,0,7,9.26,0,44
"1705",23,0,15,6.27,0,44
"1706",23,0.93,9,10.59,41,44
"1707",23,0.13,12,-2.03,6,44
"1708",23,0,19,6.57,0,44
"1709",23,0,20,12.44,0,44
"1710",23,0.97,1,10.95,43,44
"1711",23,0.87,18,-8.32,38,44
"1712",23,0.07,11,2.85,3,44
"1713",23,0.9,14,4.8,40,44
"1714",23,1,2,26.22,44,44
"1715",23,0,40,-0.43,0,44
"1716",23,0.93,38,15.51,41,44
"1717",23,0,35,6.63,0,44
"1718",23,0.8,37,-6.49,35,44
"1719",23,0.67,28,-2.61,29,44
"1720",23,0,31,6.54,0,44
"1721",23,0.07,36,-8.33,3,44
"1722",23,0,39,13.41,0,44
"1723",23,0.97,25,25.1,43,44
"1724",23,0.87,26,0.11,38,44
"1725",23,0.03,23,-5.79,1,44
"1726",23,0.03,32,11.37,1,44
"1727",23,0.53,22,19.09,23,44
"1728",23,0.4,24,9.5,18,44
"1729",23,0.77,21,14.28,34,44
"1730",23,0.97,34,7.47,43,44
"1731",23,0.53,33,2.7,23,44
"1732",23,0.9,30,21.91,40,44
"1733",23,0,27,-8.71,0,44
"1734",23,0.9,29,-1.19,40,44
"1735",23,0.9,29,-1.19,40,44
"1736",23,0.63,46,8.22,28,44
"1737",23,0.07,59,2.71,3,44
"1738",23,0.03,51,2.66,1,44
"1739",23,0.67,45,35.94,29,44
"1740",23,0,56,17.85,0,44
"1741",23,0.4,43,-23.28,18,44
"1742",23,0.13,47,-4.88,6,44
"1743",23,0.37,42,2.99,16,44
"1744",23,0.27,60,2.57,12,44
"1745",23,0.93,53,-0.18,41,44
"1746",23,0.37,50,2.4,16,44
"1747",23,0.77,54,-23.79,34,44
"1748",23,0,52,7.36,0,44
"1749",23,1,41,20.94,44,44
"1750",23,0.73,58,20.94,32,44
"1751",23,0.4,49,1.59,18,44
"1752",23,0,48,8.8,0,44
"1753",23,0.69,57,15.28,30,44
"1754",23,0.7,62,3.29,31,44
"1755",23,0,79,13.24,0,44
"1756",23,0.93,65,2.46,41,44
"1757",23,0,67,7.76,0,44
"1758",23,0.23,66,8.16,10,44
"1759",23,0.77,64,-17.29,34,44
"1760",23,0.57,70,7.53,25,44
"1761",23,0,76,13.7,0,44
"1762",23,0,80,6.01,0,44
"1763",23,0.93,74,2.99,41,44
"1764",23,0,71,8.39,0,44
"1765",23,0,72,9.82,0,44
"1766",23,0.1,68,-6.65,4,44
"1767",23,0,75,27.47,0,44
"1768",23,0.97,78,-1.31,43,44
"1769",23,0.34,61,12.83,15,44
"1770",23,1,77,12,44,44
"1771",23,0,63,-10.17,0,44
"1772",23,0.8,73,-5.02,35,44
"1773",23,0.93,69,47.17,41,44
"1774",24,0.13,12,-3.45,6,44
"1775",24,0.62,17,8.76,27,44
"1776",24,1,2,-12.29,44,44
"1777",24,0.9,14,6.43,40,44
"1778",24,0.07,3,-10.48,3,44
"1779",24,0.07,11,22.38,3,44
"1780",24,0.93,9,-0.5,41,44
"1781",24,0,7,0.95,0,44
"1782",24,0.97,1,0.56,43,44
"1783",24,0.34,8,14.05,15,44
"1784",24,1,6,19.81,44,44
"1785",24,0.87,18,-1,38,44
"1786",24,0.2,4,7.88,9,44
"1787",24,0.97,13,21.42,43,44
"1788",24,0,16,-6.62,0,44
"1789",24,0.93,5,27.65,41,44
"1790",24,0,20,2.26,0,44
"1791",24,0,19,2.44,0,44
"1792",24,0.8,10,0.31,35,44
"1793",24,0,39,3.65,0,44
"1794",24,0.03,23,5.18,1,44
"1795",24,0.87,26,1.71,38,44
"1796",24,0,31,-4.33,0,44
"1797",24,0.67,28,-6.18,29,44
"1798",24,0,27,-15.42,0,44
"1799",24,0.53,33,28.43,23,44
"1800",24,0.53,22,-15.12,23,44
"1801",24,0.8,37,15.94,35,44
"1802",24,0.9,29,1.48,40,44
"1803",24,0.9,29,1.48,40,44
"1804",24,0.07,36,-7.68,3,44
"1805",24,0.97,34,7.27,43,44
"1806",24,0.93,38,10.02,41,44
"1807",24,0,40,-5.6,0,44
"1808",24,0.9,30,1.52,40,44
"1809",24,0.97,25,-6.63,43,44
"1810",24,0.77,21,4.31,34,44
"1811",24,0,35,-10.85,0,44
"1812",24,0.4,24,0.58,18,44
"1813",24,0.37,50,21.87,16,44
"1814",24,0.07,59,0.25,3,44
"1815",24,0.67,45,10.82,29,44
"1816",24,0.4,49,14.12,18,44
"1817",24,0,56,-2.96,0,44
"1818",24,0.4,43,7.94,18,44
"1819",24,0.77,54,-2.69,34,44
"1820",24,0,48,1.24,0,44
"1821",24,0.93,53,-8.23,41,44
"1822",24,0.37,42,-2.05,16,44
"1823",24,0.6,55,-1.23,26,44
"1824",24,0.03,51,3.27,1,44
"1825",24,0.63,46,6.1,28,44
"1826",24,1,41,1.41,44,44
"1827",24,0.73,58,27.29,32,44
"1828",24,0.47,44,8.27,21,44
"1829",24,0,52,6.08,0,44
"1830",24,0.27,60,12.06,12,44
"1831",24,0.69,57,11.84,30,44
"1832",24,0.13,47,-5.02,6,44
"1833",24,0,72,3.98,0,44
"1834",24,0,75,11.21,0,44
"1835",24,0.97,78,23.29,43,44
"1836",24,0.93,69,5.73,41,44
"1837",24,0.93,74,-3.27,41,44
"1838",24,0.1,68,-7.02,4,44
"1839",24,1,77,5.3,44,44
"1840",24,0,79,10.07,0,44
"1841",24,0,67,14.17,0,44
"1842",24,0.57,70,6.4,25,44
"1843",24,0,63,-10.83,0,44
"1844",24,0.23,66,-4.9,10,44
"1845",24,0.7,62,4.52,31,44
"1846",24,0.34,61,14.69,15,44
"1847",24,0,80,5.8,0,44
"1848",24,0.77,64,4.96,34,44
"1849",24,0,71,4.88,0,44
"1850",24,0.93,65,11.88,41,44
"1851",24,0,76,2.61,0,44
"1852",25,1,3,11.35,44,44
"1853",25,0.03,2,14.62,1,44
"1854",25,0.03,10,18.04,1,44
"1855",25,0,18,2.44,0,44
"1856",25,0,1,36.2,0,44
"1857",25,1,12,16.92,44,44
"1858",25,0.8,7,-34.99,35,44
"1859",25,0.93,16,-14.64,41,44
"1860",25,0.9,15,-7.69,40,44
"1861",25,0,14,39.54,0,44
"1862",25,1,19,3.33,44,44
"1863",25,0,6,-6.81,0,44
"1864",25,0.87,11,-3.04,38,44
"1865",25,0.9,20,-18.37,40,44
"1866",25,0,5,2.27,0,44
"1867",25,0,13,27.89,0,44
"1868",25,0.97,39,31.98,43,44
"1869",25,0.27,28,20.01,12,44
"1870",25,0.93,24,-18.7,41,44
"1871",25,0.3,34,11.41,13,44
"1872",25,0.97,35,-1.07,43,44
"1873",25,0.77,31,-15.22,34,44
"1874",25,0,30,-9.96,0,44
"1875",25,0.97,27,6.04,43,44
"1876",25,0.9,29,6.85,40,44
"1877",25,0.9,29,6.85,40,44
"1878",25,0.17,22,14.79,7,44
"1879",25,0.8,32,-10.98,35,44
"1880",25,0.93,40,8.65,41,44
"1881",25,0,26,23.1,0,44
"1882",25,0.93,23,17.82,41,44
"1883",25,0,25,-5.73,0,44
"1884",25,0.77,36,23.98,34,44
"1885",25,0,33,-37.18,0,44
"1886",25,0,38,-1.94,0,44
"1887",25,0.03,21,10.43,1,44
"1888",25,0.03,50,3.64,1,44
"1889",25,0.87,52,1.16,38,44
"1890",25,0,58,-0.13,0,44
"1891",25,0.93,56,7.57,41,44
"1892",25,0.93,43,-14.6,41,44
"1893",25,0.07,41,14.78,3,44
"1894",25,0.9,44,-17.89,40,44
"1895",25,0.2,46,-13.39,9,44
"1896",25,1,47,-8.23,44,44
"1897",25,0.07,53,3.47,3,44
"1898",25,0.9,51,11.28,40,44
"1899",25,0.87,48,19.52,38,44
"1900",25,0.3,54,18.68,13,44
"1901",25,0.93,55,-19.67,41,44
"1902",25,0.17,45,-9.13,7,44
"1903",25,0.73,59,1.02,32,44
"1904",25,0.13,42,-4.45,6,44
"1905",25,0.07,65,9.12,3,44
"1906",25,0.9,72,4.57,40,44
"1907",25,0,62,24.02,0,44
"1908",25,0.27,68,-12.69,12,44
"1909",25,0.6,75,-25.03,26,44
"1910",25,0.07,66,-17.66,3,44
"1911",25,0.07,73,13,3,44
"1912",25,0.9,76,12.14,40,44
"1913",25,0.9,71,4.54,40,44
"1914",25,0.93,77,4.93,41,44
"1915",25,0.97,79,-9.18,43,44
"1916",25,0.83,78,20.44,37,44
"1917",25,0.83,63,26.18,37,44
"1918",25,0.03,70,-10.29,1,44
"1919",25,0.87,67,-0.8,38,44
"1920",25,0,61,-6.2,0,44
"1921",25,0.97,80,0.5,43,44
"1922",25,0,74,-27.58,0,44
"1923",25,0.5,64,0.61,22,44
"1924",25,0,69,12.07,0,44
"1925",26,0,6,21.99,0,44
"1926",26,0,17,3.41,0,44
"1927",26,0.9,15,-11.25,40,44
"1928",26,0,5,-7.08,0,44
"1929",26,0.9,20,-10.12,40,44
"1930",26,0.8,7,-14.83,35,44
"1931",26,0.93,4,8.76,41,44
"1932",26,0,18,9.38,0,44
"1933",26,0.03,2,-3.3,1,44
"1934",26,0.03,9,-15.74,1,44
"1935",26,0.97,8,-2.17,43,44
"1936",26,0.03,10,-13.74,1,44
"1937",26,0,13,-7.07,0,44
"1938",26,0,14,-3.98,0,44
"1939",26,1,12,2.4,44,44
"1940",26,0,1,6.35,0,44
"1941",26,0.87,11,33.86,38,44
"1942",26,1,19,-9.86,44,44
"1943",26,0.93,16,-7.32,41,44
"1944",26,0.93,23,7.46,41,44
"1945",26,0,26,8.31,0,44
"1946",26,0.77,31,-12.24,34,44
"1947",26,0,38,-12.59,0,44
"1948",26,0,30,-0.62,0,44
"1949",26,0.9,29,9.42,40,44
"1950",26,0.9,29,9.42,40,44
"1951",26,0.03,21,3.72,1,44
"1952",26,0.17,22,21.56,7,44
"1953",26,0.8,32,9.04,35,44
"1954",26,0.97,35,29.59,43,44
"1955",26,0.27,28,21.6,12,44
"1956",26,0.97,27,-1.79,43,44
"1957",26,0,25,-16.53,0,44
"1958",26,0.93,24,-30.85,41,44
"1959",26,0.3,34,-2.24,13,44
"1960",26,0.97,39,14.7,43,44
"1961",26,0.93,40,-2.57,41,44
"1962",26,0,37,12.08,0,44
"1963",26,0,33,5.6,0,44
"1964",26,0.03,50,0.33,1,44
"1965",26,0,58,-6.76,0,44
"1966",26,0.07,53,9.71,3,44
"1967",26,0.93,56,1.88,41,44
"1968",26,0.9,60,11.1,40,44
"1969",26,0,57,-3.28,0,44
"1970",26,0.07,41,-10.58,3,44
"1971",26,0.5,49,11.9,22,44
"1972",26,0.87,48,18.96,38,44
"1973",26,0.17,45,9.44,7,44
"1974",26,0.9,51,-3.69,40,44
"1975",26,0.93,55,-11.83,41,44
"1976",26,0.2,46,-0.07,9,44
"1977",26,0.3,54,-16.25,13,44
"1978",26,0.9,44,8.42,40,44
"1979",26,0.13,42,17.7,6,44
"1980",26,0.87,52,-2.74,38,44
"1981",26,0.93,43,-3.53,41,44
"1982",26,0.73,59,29.8,32,44
"1983",26,1,47,-4.9,44,44
"1984",26,0,69,8.6,0,44
"1985",26,0,74,-19.6,0,44
"1986",26,0.9,71,-21.88,40,44
"1987",26,0.07,73,-2.08,3,44
"1988",26,0,61,8.05,0,44
"1989",26,0.9,72,5.29,40,44
"1990",26,0.5,64,13.22,22,44
"1991",26,0.83,78,-16.71,37,44
"1992",26,0.87,67,-7.77,38,44
"1993",26,0.93,77,-8.83,41,44
"1994",26,0.9,76,6.17,40,44
"1995",26,0.97,79,3.43,43,44
"1996",26,0.6,75,-12.54,26,44
"1997",26,0.27,68,5.48,12,44
"1998",26,0.03,70,-9.54,1,44
"1999",26,0.97,80,11.47,43,44
"2000",26,0.07,66,0.51,3,44
"2001",27,0.93,5,-5.33,41,44
"2002",27,0.9,14,-17.01,40,44
"2003",27,0.8,10,-2.85,35,44
"2004",27,0.87,18,4.31,38,44
"2005",27,0.97,1,32.46,43,44
"2006",27,0.07,11,-34.49,3,44
"2007",27,0.07,3,-5.99,3,44
"2008",27,0.2,4,-34.05,9,44
"2009",27,1,6,-24.85,44,44
"2010",27,0,7,8.02,0,44
"2011",27,0,15,6.34,0,44
"2012",27,0.13,12,18.34,6,44
"2013",27,0.62,17,-15.09,27,44
"2014",27,0,16,-12.75,0,44
"2015",27,0.93,9,11.14,41,44
"2016",27,1,2,9.45,44,44
"2017",27,0.97,13,23.89,43,44
"2018",27,0,20,6.47,0,44
"2019",27,0,19,-26.44,0,44
"2020",27,0.34,8,17.23,15,44
"2021",27,0.87,26,14.41,38,44
"2022",27,0,39,-23.77,0,44
"2023",27,0.03,23,33.03,1,44
"2024",27,0,35,-44.89,0,44
"2025",27,0.67,28,-3.46,29,44
"2026",27,0.77,21,-19,34,44
"2027",27,0.07,36,0.24,3,44
"2028",27,0.53,22,-2.99,23,44
"2029",27,0.93,38,-1.99,41,44
"2030",27,0,27,18.62,0,44
"2031",27,0.97,25,17.71,43,44
"2032",27,0.97,34,2.89,43,44
"2033",27,0.4,24,2.35,18,44
"2034",27,0,40,13.07,0,44
"2035",27,0.03,32,-2.43,1,44
"2036",27,0,31,-0.81,0,44
"2037",27,0.8,37,-6.09,35,44
"2038",27,0.9,30,-2.49,40,44
"2039",27,0.9,29,0.15,40,44
"2040",27,0.9,29,0.15,40,44
"2041",27,0.53,33,15.06,23,44
"2042",27,0,56,20.92,0,44
"2043",27,0,48,1.4,0,44
"2044",27,0.77,54,9.93,34,44
"2045",27,0.93,53,10.44,41,44
"2046",27,0.63,46,-2.48,28,44
"2047",27,0.27,60,4.75,12,44
"2048",27,0.37,50,11.1,16,44
"2049",27,1,41,-33.68,44,44
"2050",27,0,52,-9.23,0,44
"2051",27,0.73,58,-68.24,32,44
"2052",27,0.69,57,15.36,30,44
"2053",27,0.4,43,6.59,18,44
"2054",27,0.13,47,13.84,6,44
"2055",27,0.37,42,4.77,16,44
"2056",27,0.6,55,-16.49,26,44
"2057",27,0.03,51,10.46,1,44
"2058",27,0.07,59,26.07,3,44
"2059",27,0.47,44,9.81,21,44
"2060",27,0.67,45,22.59,29,44
"2061",27,0.34,61,6.46,15,44
"2062",27,0,67,-17.67,0,44
"2063",27,0.93,69,24.39,41,44
"2064",27,0,71,0.54,0,44
"2065",27,0.97,78,-20.43,43,44
"2066",27,0,79,1.9,0,44
"2067",27,0.93,74,-22.31,41,44
"2068",27,0.8,73,-11.57,35,44
"2069",27,0.23,66,2.3,10,44
"2070",27,0.77,64,9.61,34,44
"2071",27,0.57,70,-11.05,25,44
"2072",27,0,63,-21.11,0,44
"2073",27,0,72,30.6,0,44
"2074",27,0,80,1.73,0,44
"2075",27,0,76,-18.14,0,44
"2076",27,0.7,62,37.72,31,44
"2077",27,0.1,68,14.51,4,44
"2078",27,0.93,65,8.44,41,44
"2079",27,1,77,1.62,44,44
"2080",27,0,75,7.48,0,44
"2081",28,0.97,8,6.81,43,44
"2082",28,0.03,2,-6.66,1,44
"2083",28,0.9,15,-5.91,40,44
"2084",28,0.9,20,1.64,40,44
"2085",28,0,5,-22.4,0,44
"2086",28,0.03,10,6.09,1,44
"2087",28,0.93,4,1.39,41,44
"2088",28,0.03,9,2.62,1,44
"2089",28,1,3,-16.79,44,44
"2090",28,0,17,-6.56,0,44
"2091",28,0,1,-5.24,0,44
"2092",28,0,18,-11.2,0,44
"2093",28,0,13,16.22,0,44
"2094",28,0.93,16,15.67,41,44
"2095",28,0,14,15.82,0,44
"2096",28,1,19,7.91,44,44
"2097",28,1,12,20.08,44,44
"2098",28,0,6,0.38,0,44
"2099",28,0.87,11,8.1,38,44
"2100",28,0.77,31,15.06,34,44
"2101",28,0.9,29,22.25,40,44
"2102",28,0.9,29,22.25,40,44
"2103",28,0.93,40,-4.8,41,44
"2104",28,0.97,35,9.9,43,44
"2105",28,0.03,21,21.01,1,44
"2106",28,0.17,22,-2.69,7,44
"2107",28,0.93,23,21.52,41,44
"2108",28,0,30,-11.81,0,44
"2109",28,0.8,32,6.89,35,44
"2110",28,0.97,39,-18.47,43,44
"2111",28,0,26,-5.16,0,44
"2112",28,0,37,-2.07,0,44
"2113",28,0,33,-26.02,0,44
"2114",28,0.97,27,-3.35,43,44
"2115",28,0.3,34,-21.68,13,44
"2116",28,0.77,36,1.72,34,44
"2117",28,0,38,28.35,0,44
"2118",28,0.93,24,-0.11,41,44
"2119",28,0.27,28,14.41,12,44
"2120",28,0,25,9.05,0,44
"2121",28,0.03,50,2.82,1,44
"2122",28,0.13,42,-17.57,6,44
"2123",28,0,57,-4.88,0,44
"2124",28,0.07,53,0.49,3,44
"2125",28,0.93,56,9.32,41,44
"2126",28,1,47,-10.69,44,44
"2127",28,0.87,52,11.89,38,44
"2128",28,0.17,45,-7.53,7,44
"2129",28,0.93,55,19.22,41,44
"2130",28,0.3,54,11.97,13,44
"2131",28,0.07,41,-6.39,3,44
"2132",28,0.9,44,2.87,40,44
"2133",28,0.93,43,0.69,41,44
"2134",28,0,58,-6.81,0,44
"2135",28,0.5,49,4.93,22,44
"2136",28,0.73,59,-1.87,32,44
"2137",28,0.9,51,-4.34,40,44
"2138",28,0.87,48,0.65,38,44
"2139",28,0.2,46,-9.01,9,44
"2140",28,0.83,78,-10.8,37,44
"2141",28,0.97,80,19.56,43,44
"2142",28,0.83,63,11.48,37,44
"2143",28,0.9,72,0.11,40,44
"2144",28,0,74,-21.3,0,44
"2145",28,0.07,66,-14.36,3,44
"2146",28,0.93,77,3.9,41,44
"2147",28,0,61,-2.81,0,44
"2148",28,0.5,64,4.19,22,44
"2149",28,0.87,67,22.78,38,44
"2150",28,0,62,10.72,0,44
"2151",28,0.07,65,20.64,3,44
"2152",28,0.9,76,1.87,40,44
"2153",28,0.07,73,-10.67,3,44
"2154",28,0.27,68,-10.91,12,44
"2155",28,0,69,8.95,0,44
"2156",28,0.97,79,-10.4,43,44
"2157",28,0.6,75,5.98,26,44
"2158",28,0.03,70,-24.9,1,44
"2159",29,0,6,1.62,0,44
"2160",29,1,19,-16.56,44,44
"2161",29,1,3,-13.91,44,44
"2162",29,1,12,-18.81,44,44
"2163",29,0.03,9,-6.58,1,44
"2164",29,0,18,3.02,0,44
"2165",29,0,17,-3.67,0,44
"2166",29,0.9,20,-1.05,40,44
"2167",29,0.03,2,1.77,1,44
"2168",29,0.87,11,25.44,38,44
"2169",29,0.97,8,-12.52,43,44
"2170",29,0,5,-4.04,0,44
"2171",29,0.93,4,-6.65,41,44
"2172",29,0,14,12.45,0,44
"2173",29,0.8,7,21.35,35,44
"2174",29,0,1,0.56,0,44
"2175",29,0.9,15,9.88,40,44
"2176",29,0.93,16,7.16,41,44
"2177",29,0.9,29,18.78,40,44
"2178",29,0.9,29,18.78,40,44
"2179",29,0,37,-1.33,0,44
"2180",29,0.77,36,-4.89,34,44
"2181",29,0.93,23,-2.57,41,44
"2182",29,0.97,39,1.84,43,44
"2183",29,0,26,8.63,0,44
"2184",29,0,25,5.53,0,44
"2185",29,0.93,40,11.1,41,44
"2186",29,0.97,27,2.89,43,44
"2187",29,0.97,35,18.01,43,44
"2188",29,0.17,22,13.15,7,44
"2189",29,0,30,4.92,0,44
"2190",29,0.93,24,-10.54,41,44
"2191",29,0.8,32,15.47,35,44
"2192",29,0,38,-9.35,0,44
"2193",29,0,33,9.19,0,44
"2194",29,0.03,21,-1.59,1,44
"2195",29,0.77,31,4.67,34,44
"2196",29,0.9,51,5.38,40,44
"2197",29,0.73,59,20.37,32,44
"2198",29,0.2,46,-13.15,9,44
"2199",29,0.03,50,-3.38,1,44
"2200",29,0.3,54,5.8,13,44
"2201",29,0.9,60,8.64,40,44
"2202",29,0.93,55,16.94,41,44
"2203",29,0.93,43,6.6,41,44
"2204",29,0.5,49,-3.27,22,44
"2205",29,0.87,52,14.76,38,44
"2206",29,0.9,44,14.94,40,44
"2207",29,0,58,4.37,0,44
"2208",29,0.07,53,-15.99,3,44
"2209",29,0.87,48,5.38,38,44
"2210",29,0.93,56,-1.73,41,44
"2211",29,0.13,42,2.03,6,44
"2212",29,0.07,41,-9.14,3,44
"2213",29,1,47,2.17,44,44
"2214",29,0.17,45,1.07,7,44
"2215",29,0,57,9.27,0,44
"2216",29,0.9,72,9.61,40,44
"2217",29,0.93,77,-10.94,41,44
"2218",29,0.03,70,17.37,1,44
"2219",29,0.07,65,3.97,3,44
"2220",29,0.87,67,6.17,38,44
"2221",29,0.83,78,-9.58,37,44
"2222",29,0.27,68,31.33,12,44
"2223",29,0.07,66,22.66,3,44
"2224",29,0,74,-18.51,0,44
"2225",29,0.83,63,-8.1,37,44
"2226",29,0,61,2.1,0,44
"2227",29,0.97,80,22.76,43,44
"2228",29,0,69,0.18,0,44
"2229",29,0.5,64,1.94,22,44
"2230",29,0.9,76,-20.51,40,44
"2231",29,0,62,2.79,0,44
"2232",29,0.9,71,28,40,44
"2233",29,0.07,73,6.27,3,44
"2234",29,0.97,79,19.2,43,44
"2235",29,0.6,75,14.06,26,44
"2236",30,0,16,8.44,0,44
"2237",30,0.8,10,-5.45,35,44
"2238",30,0.13,12,3.98,6,44
"2239",30,0.97,1,14.37,43,44
"2240",30,0.87,18,15.55,38,44
"2241",30,0.2,4,17.05,9,44
"2242",30,0,20,-0.78,0,44
"2243",30,0,7,-8.37,0,44
"2244",30,0.93,9,19.95,41,44
"2245",30,0,19,-0.73,0,44
"2246",30,1,6,11.95,44,44
"2247",30,0.97,13,-6.85,43,44
"2248",30,0.62,17,18.09,27,44
"2249",30,0.07,11,15.01,3,44
"2250",30,1,2,12.21,44,44
"2251",30,0,15,-3.37,0,44
"2252",30,0.93,5,19.57,41,44
"2253",30,0.34,8,13.18,15,44
"2254",30,0.07,3,7.19,3,44
"2255",30,0,40,3.47,0,44
"2256",30,0.67,28,1.15,29,44
"2257",30,0.07,36,4.74,3,44
"2258",30,0.03,32,-14.68,1,44
"2259",30,0.97,25,-0.24,43,44
"2260",30,0.97,34,18.87,43,44
"2261",30,0.93,38,-5.98,41,44
"2262",30,0.77,21,11.75,34,44
"2263",30,0.9,29,14.54,40,44
"2264",30,0.9,29,14.54,40,44
"2265",30,0.4,24,4.7,18,44
"2266",30,0.53,22,18.71,23,44
"2267",30,0.03,23,-1.09,1,44
"2268",30,0,31,14.65,0,44
"2269",30,0.87,26,6.72,38,44
"2270",30,0.8,37,31.69,35,44
"2271",30,0,27,-0.06,0,44
"2272",30,0,35,-4.47,0,44
"2273",30,0.9,30,15.81,40,44
"2274",30,0.53,33,7.69,23,44
"2275",30,0,39,0.23,0,44
"2276",30,0.6,55,-4.96,26,44
"2277",30,0,56,1.57,0,44
"2278",30,0.93,53,-6.1,41,44
"2279",30,0,48,-22.01,0,44
"2280",30,0.73,58,36.97,32,44
"2281",30,0.47,44,-10.49,21,44
"2282",30,0.37,42,22.18,16,44
"2283",30,0.69,57,-3.47,30,44
"2284",30,0.4,49,26.74,18,44
"2285",30,0.37,50,10.46,16,44
"2286",30,1,41,16.34,44,44
"2287",30,0.67,45,4.54,29,44
"2288",30,0.63,46,2.01,28,44
"2289",30,0.03,51,12.11,1,44
"2290",30,0.27,60,28.88,12,44
"2291",30,0.13,47,-8.18,6,44
"2292",30,0.4,43,3.29,18,44
"2293",30,0.07,59,-5.13,3,44
"2294",30,0,52,3.74,0,44
"2295",30,0.23,66,0.9,10,44
"2296",30,0,67,19.49,0,44
"2297",30,0.97,78,9.14,43,44
"2298",30,0,75,1.58,0,44
"2299",30,0.93,69,10.85,41,44
"2300",30,0,76,17,0,44
"2301",30,0.77,64,25.02,34,44
"2302",30,0.1,68,0.52,4,44
"2303",30,0.8,73,6.39,35,44
"2304",30,1,77,-17.12,44,44
"2305",30,0.93,74,4.8,41,44
"2306",30,0,80,7.65,0,44
"2307",30,0.34,61,10.56,15,44
"2308",30,0.93,65,9.58,41,44
"2309",30,0,79,7.31,0,44
"2310",30,0,72,-26.08,0,44
"2311",30,0.7,62,-17.16,31,44
"2312",30,0,71,21.53,0,44
"2313",30,0.57,70,-11.61,25,44
"2314",31,0.8,10,21.93,35,44
"2315",31,0,15,9.33,0,44
"2316",31,0.93,9,-7.74,41,44
"2317",31,1,6,22.31,44,44
"2318",31,0.13,12,-4.65,6,44
"2319",31,0.07,3,16.93,3,44
"2320",31,1,2,15.09,44,44
"2321",31,0.87,18,24.25,38,44
"2322",31,0,20,23.72,0,44
"2323",31,0.34,8,13.77,15,44
"2324",31,0,19,-9.27,0,44
"2325",31,0.62,17,-0.38,27,44
"2326",31,0.93,5,4.74,41,44
"2327",31,0,16,11.55,0,44
"2328",31,0.9,14,5.63,40,44
"2329",31,0.97,13,12.02,43,44
"2330",31,0.07,11,6.78,3,44
"2331",31,0.2,4,-5.03,9,44
"2332",31,0.97,1,3.72,43,44
"2333",31,0,7,-1.11,0,44
"2334",31,0.4,24,-1.96,18,44
"2335",31,0.93,38,10.11,41,44
"2336",31,0.67,28,-2.71,29,44
"2337",31,0.53,22,2.2,23,44
"2338",31,0.97,34,11.47,43,44
"2339",31,0,35,7.86,0,44
"2340",31,0,39,18.15,0,44
"2341",31,0.77,21,13.83,34,44
"2342",31,0.03,32,13.2,1,44
"2343",31,0.8,37,4.48,35,44
"2344",31,0.07,36,7.02,3,44
"2345",31,0.03,23,24.72,1,44
"2346",31,0,40,1.91,0,44
"2347",31,0.9,29,-5.32,40,44
"2348",31,0.9,29,-5.32,40,44
"2349",31,0.97,25,27.38,43,44
"2350",31,0.87,26,7.19,38,44
"2351",31,0,31,0.04,0,44
"2352",31,0.9,30,-22.72,40,44
"2353",31,0.53,33,-2.05,23,44
"2354",31,0,27,34.14,0,44
"2355",31,0.77,54,32.15,34,44
"2356",31,0.03,51,14.61,1,44
"2357",31,0.47,44,8.95,21,44
"2358",31,0.4,43,7.33,18,44
"2359",31,0.73,58,-0.61,32,44
"2360",31,0.67,45,10.98,29,44
"2361",31,0.63,46,3.29,28,44
"2362",31,0,52,-12.37,0,44
"2363",31,0.6,55,17.45,26,44
"2364",31,1,41,32.36,44,44
"2365",31,0.4,49,-18.96,18,44
"2366",31,0.07,59,8.59,3,44
"2367",31,0.13,47,-2.56,6,44
"2368",31,0.69,57,-0.65,30,44
"2369",31,0,48,1.5,0,44
"2370",31,0.37,42,2.84,16,44
"2371",31,0.27,60,14.56,12,44
"2372",31,0,56,0.66,0,44
"2373",31,0.93,53,-17.19,41,44
"2374",31,0.37,50,-9.05,16,44
"2375",31,0,72,10.32,0,44
"2376",31,0.93,69,27.31,41,44
"2377",31,0,75,13.1,0,44
"2378",31,0.1,68,4.53,4,44
"2379",31,0.97,78,11.02,43,44
"2380",31,0.93,65,24.32,41,44
"2381",31,0.8,73,10.93,35,44
"2382",31,0.57,70,-2.07,25,44
"2383",31,0,79,17.38,0,44
"2384",31,0,80,7.27,0,44
"2385",31,0.77,64,13.35,34,44
"2386",31,0,63,19.93,0,44
"2387",31,1,77,11.27,44,44
"2388",31,0,71,-9.23,0,44
"2389",31,0,76,4.73,0,44
"2390",31,0.93,74,8.69,41,44
"2391",31,0.23,66,-4.66,10,44
"2392",31,0,67,6.11,0,44
"2393",31,0.34,61,21.51,15,44
"2394",31,0.7,62,15.69,31,44
"2395",32,0,16,6.94,0,44
"2396",32,0.07,11,3.69,3,44
"2397",32,0.97,1,19.38,43,44
"2398",32,0.97,13,32.16,43,44
"2399",32,0.8,10,8.03,35,44
"2400",32,0.2,4,-11.73,9,44
"2401",32,1,6,-9.95,44,44
"2402",32,0,20,-11,0,44
"2403",32,0.62,17,9.72,27,44
"2404",32,0.9,14,-12.7,40,44
"2405",32,0.07,3,2.08,3,44
"2406",32,0.13,12,-2.71,6,44
"2407",32,0.93,9,0.07,41,44
"2408",32,0,15,0.68,0,44
"2409",32,0.34,8,-13.5,15,44
"2410",32,0,7,-6.81,0,44
"2411",32,0,19,18.11,0,44
"2412",32,0.93,5,0.24,41,44
"2413",32,1,2,16.61,44,44
"2414",32,0.87,18,-2.79,38,44
"2415",32,0,39,6.78,0,44
"2416",32,0.07,36,-0.34,3,44
"2417",32,0,35,1.63,0,44
"2418",32,0,40,3.57,0,44
"2419",32,0.67,28,3.52,29,44
"2420",32,0,31,-1.89,0,44
"2421",32,0.9,30,1.3,40,44
"2422",32,0.87,26,-2.86,38,44
"2423",32,0.4,24,-6.55,18,44
"2424",32,0.03,32,2.1,1,44
"2425",32,0,27,-4.02,0,44
"2426",32,0.93,38,17.35,41,44
"2427",32,0.53,33,-4.39,23,44
"2428",32,0.77,21,14.23,34,44
"2429",32,0.97,34,-18.64,43,44
"2430",32,0.53,22,9.64,23,44
"2431",32,0.8,37,8.75,35,44
"2432",32,0.9,29,10.65,40,44
"2433",32,0.9,29,10.65,40,44
"2434",32,0.97,25,2.94,43,44
"2435",32,0.03,23,3.81,1,44
"2436",32,0.4,43,20.63,18,44
"2437",32,1,41,7.93,44,44
"2438",32,0.27,60,31.77,12,44
"2439",32,0.4,49,6.31,18,44
"2440",32,0.93,53,-3.9,41,44
"2441",32,0,48,7.82,0,44
"2442",32,0.07,59,17.59,3,44
"2443",32,0,52,-6.38,0,44
"2444",32,0.77,54,1.73,34,44
"2445",32,0,56,16.11,0,44
"2446",32,0.63,46,-2.56,28,44
"2447",32,0.03,51,-6.8,1,44
"2448",32,0.37,42,2.96,16,44
"2449",32,0.67,45,12.25,29,44
"2450",32,0.13,47,2.58,6,44
"2451",32,0.37,50,10.88,16,44
"2452",32,0.69,57,-17.49,30,44
"2453",32,0.73,58,3.42,32,44
"2454",32,0.6,55,-11.43,26,44
"2455",32,0.47,44,2.89,21,44
"2456",32,0.93,65,2.7,41,44
"2457",32,0.97,78,12.82,43,44
"2458",32,0.93,74,9.88,41,44
"2459",32,0.93,69,21.99,41,44
"2460",32,0,79,3.79,0,44
"2461",32,0.77,64,-5.49,34,44
"2462",32,0.8,73,8.63,35,44
"2463",32,0,63,7.07,0,44
"2464",32,0.23,66,-2.21,10,44
"2465",32,0,75,23.12,0,44
"2466",32,0.7,62,13.95,31,44
"2467",32,0.1,68,-3.14,4,44
"2468",32,1,77,3.48,44,44
"2469",32,0,72,14.8,0,44
"2470",32,0,71,17.5,0,44
"2471",32,0.34,61,4.03,15,44
"2472",32,0.57,70,9.82,25,44
"2473",32,0,80,-0.96,0,44
"2474",32,0,67,-3.64,0,44
"2475",32,0,76,-4.4,0,44
"2476",33,0,1,17.14,0,44
"2477",33,0.03,2,27.1,1,44
"2478",33,0,6,6.23,0,44
"2479",33,1,3,27.6,44,44
"2480",33,0.8,7,14.39,35,44
"2481",33,0,5,-11.06,0,44
"2482",33,0.87,11,13.29,38,44
"2483",33,0,13,6.69,0,44
"2484",33,0.03,9,-0.23,1,44
"2485",33,1,12,23.42,44,44
"2486",33,0.03,10,29.8,1,44
"2487",33,0,14,-7.42,0,44
"2488",33,1,19,7.3,44,44
"2489",33,0.9,15,-7.52,40,44
"2490",33,0.93,4,14.1,41,44
"2491",33,0,17,12.39,0,44
"2492",33,0,18,1.56,0,44
"2493",33,0.97,8,1.91,43,44
"2494",33,0.9,20,25.71,40,44
"2495",33,0,25,17.43,0,44
"2496",33,0.03,21,-8.84,1,44
"2497",33,0.93,23,3.49,41,44
"2498",33,0.93,24,2.4,41,44
"2499",33,0.3,34,-2.77,13,44
"2500",33,0.77,36,-11.84,34,44
"2501",33,0,38,-10.59,0,44
"2502",33,0,37,14.29,0,44
"2503",33,0.8,32,2.77,35,44
"2504",33,0.9,29,12.88,40,44
"2505",33,0.9,29,12.88,40,44
"2506",33,0.97,39,3.92,43,44
"2507",33,0.93,40,16.15,41,44
"2508",33,0.27,28,13.66,12,44
"2509",33,0.17,22,29.85,7,44
"2510",33,0.97,35,19.37,43,44
"2511",33,0.77,31,27.41,34,44
"2512",33,0,33,5.66,0,44
"2513",33,0,26,8.31,0,44
"2514",33,0,30,1.18,0,44
"2515",33,0.97,27,11.3,43,44
"2516",33,0.73,59,4.31,32,44
"2517",33,0.3,54,-11.23,13,44
"2518",33,0.2,46,22.52,9,44
"2519",33,1,47,1.06,44,44
"2520",33,0.9,60,19.25,40,44
"2521",33,0.13,42,-0.15,6,44
"2522",33,0.87,52,9.51,38,44
"2523",33,0.03,50,27.86,1,44
"2524",33,0.07,41,32.75,3,44
"2525",33,0.17,45,17.67,7,44
"2526",33,0.93,56,1.08,41,44
"2527",33,0,57,2.97,0,44
"2528",33,0.5,49,-0.15,22,44
"2529",33,0.9,51,4.24,40,44
"2530",33,0.9,44,9.88,40,44
"2531",33,0.93,43,3.57,41,44
"2532",33,0.07,53,13.14,3,44
"2533",33,0.93,55,9.3,41,44
"2534",33,0,58,17.13,0,44
"2535",33,0.5,64,1.99,22,44
"2536",33,0.97,79,7.3,43,44
"2537",33,0.97,80,14.66,43,44
"2538",33,0.87,67,8.93,38,44
"2539",33,0.83,63,13.75,37,44
"2540",33,0.07,66,1.02,3,44
"2541",33,0.6,75,10.11,26,44
"2542",33,0.9,71,-10.44,40,44
"2543",33,0,61,1.17,0,44
"2544",33,0.83,78,-4.18,37,44
"2545",33,0.03,70,-0.4,1,44
"2546",33,0,69,4.05,0,44
"2547",33,0,62,17.13,0,44
"2548",33,0.07,73,8.98,3,44
"2549",33,0.9,72,-12.85,40,44
"2550",33,0.07,65,-5.11,3,44
"2551",33,0.93,77,8.48,41,44
"2552",33,0.9,76,10.33,40,44
"2553",33,0.27,68,17.26,12,44
"2554",33,0,74,10.09,0,44
"2555",34,1,19,4.14,44,44
"2556",34,0.03,2,2.72,1,44
"2557",34,0.87,11,8.47,38,44
"2558",34,1,12,16.13,44,44
"2559",34,0.03,9,1,1,44
"2560",34,0,5,13.38,0,44
"2561",34,0.8,7,18.16,35,44
"2562",34,0.97,8,6.41,43,44
"2563",34,0,6,13.66,0,44
"2564",34,0,13,23.37,0,44
"2565",34,0,18,-3.69,0,44
"2566",34,0,17,15.38,0,44
"2567",34,0.93,4,9.82,41,44
"2568",34,1,3,6.82,44,44
"2569",34,0,14,13.74,0,44
"2570",34,0,1,-0.03,0,44
"2571",34,0.9,15,5.15,40,44
"2572",34,0.9,20,1.81,40,44
"2573",34,0.93,16,7.47,41,44
"2574",34,0.03,10,6.12,1,44
"2575",34,0.97,39,11.19,43,44
"2576",34,0.17,22,16.48,7,44
"2577",34,0.77,31,18.88,34,44
"2578",34,0,37,9.62,0,44
"2579",34,0,30,-4.87,0,44
"2580",34,0.97,27,9.25,43,44
"2581",34,0.77,36,14.36,34,44
"2582",34,0.3,34,-1.49,13,44
"2583",34,0,25,-4.21,0,44
"2584",34,0.93,40,-1.94,41,44
"2585",34,0.93,24,2.7,41,44
"2586",34,0,26,-5.77,0,44
"2587",34,0.97,35,-4.44,43,44
"2588",34,0.93,23,-17.67,41,44
"2589",34,0.8,32,9.24,35,44
"2590",34,0.03,21,1.47,1,44
"2591",34,0.9,29,6.37,40,44
"2592",34,0.9,29,6.37,40,44
"2593",34,0,38,11.46,0,44
"2594",34,0,33,12.23,0,44
"2595",34,0.9,60,14.39,40,44
"2596",34,0.07,53,4.02,3,44
"2597",34,0.87,52,-3.54,38,44
"2598",34,0.17,45,19.7,7,44
"2599",34,0.9,51,5.58,40,44
"2600",34,0.9,44,4.45,40,44
"2601",34,0.3,54,8.56,13,44
"2602",34,0.87,48,7.92,38,44
"2603",34,0.07,41,9.68,3,44
"2604",34,0,57,-3.98,0,44
"2605",34,0,58,9.65,0,44
"2606",34,0.93,56,-2.74,41,44
"2607",34,0.2,46,13.65,9,44
"2608",34,0.13,42,-1.07,6,44
"2609",34,0.93,43,5.66,41,44
"2610",34,1,47,-6.62,44,44
"2611",34,0.03,50,4.94,1,44
"2612",34,0.73,59,-1.85,32,44
"2613",34,0.93,55,10.95,41,44
"2614",34,0.5,49,-4.89,22,44
"2615",34,0.97,79,4.05,43,44
"2616",34,0.97,80,3.04,43,44
"2617",34,0.93,77,13.56,41,44
"2618",34,0.07,65,10.56,3,44
"2619",34,0,62,-5.25,0,44
"2620",34,0.6,75,19.49,26,44
"2621",34,0.9,72,-0.3,40,44
"2622",34,0.07,73,1.27,3,44
"2623",34,0,61,14.32,0,44
"2624",34,0.27,68,8.25,12,44
"2625",34,0.83,63,14.61,37,44
"2626",34,0.83,78,12.2,37,44
"2627",34,0.87,67,19.75,38,44
"2628",34,0.9,76,0.17,40,44
"2629",34,0.5,64,4.51,22,44
"2630",34,0.07,66,17.16,3,44
"2631",34,0,74,-7.92,0,44
"2632",34,0.9,71,15.94,40,44
"2633",34,0.03,70,9.5,1,44
"2634",35,0.87,18,7.13,38,44
"2635",35,0.13,12,21.18,6,44
"2636",35,0.62,17,44.73,27,44
"2637",35,1,6,20.47,44,44
"2638",35,0,20,5.15,0,44
"2639",35,0,16,10.35,0,44
"2640",35,0.97,1,22.49,43,44
"2641",35,0.34,8,18.4,15,44
"2642",35,0.2,4,7.65,9,44
"2643",35,0.93,9,6.45,41,44
"2644",35,0.07,3,-6.72,3,44
"2645",35,0.07,11,18.38,3,44
"2646",35,0,19,-3.67,0,44
"2647",35,1,2,2.18,44,44
"2648",35,0,7,19.14,0,44
"2649",35,0.93,5,10.09,41,44
"2650",35,0.97,13,-3.1,43,44
"2651",35,0.8,10,7.38,35,44
"2652",35,0.9,14,21.23,40,44
"2653",35,0,39,-12.3,0,44
"2654",35,0.77,21,19.7,34,44
"2655",35,0,31,-4.75,0,44
"2656",35,0.87,26,9.38,38,44
"2657",35,0.8,37,4.71,35,44
"2658",35,0.97,25,8.95,43,44
"2659",35,0.97,34,26.95,43,44
"2660",35,0,35,-11.48,0,44
"2661",35,0.03,23,9.59,1,44
"2662",35,0.9,30,16.34,40,44
"2663",35,0.07,36,2.56,3,44
"2664",35,0.03,32,3.96,1,44
"2665",35,0,27,2.17,0,44
"2666",35,0.53,22,21.29,23,44
"2667",35,0.53,33,7.41,23,44
"2668",35,0,40,-7.07,0,44
"2669",35,0.9,29,12.14,40,44
"2670",35,0.9,29,12.14,40,44
"2671",35,0.4,24,2.95,18,44
"2672",35,0.93,38,0.47,41,44
"2673",35,0.07,59,-17.64,3,44
"2674",35,0.03,51,2.58,1,44
"2675",35,0,48,9.2,0,44
"2676",35,0.4,43,4.38,18,44
"2677",35,0.93,53,24.94,41,44
"2678",35,0.73,58,-5.54,32,44
"2679",35,0.67,45,-11.75,29,44
"2680",35,1,41,10.83,44,44
"2681",35,0.37,50,7.33,16,44
"2682",35,0.13,47,-0.3,6,44
"2683",35,0.27,60,-2,12,44
"2684",35,0,52,-17.73,0,44
"2685",35,0.77,54,2.83,34,44
"2686",35,0.69,57,4.87,30,44
"2687",35,0.6,55,9.84,26,44
"2688",35,0.63,46,3.63,28,44
"2689",35,0.4,49,9.61,18,44
"2690",35,0.47,44,-8.18,21,44
"2691",35,0.37,42,21.32,16,44
"2692",35,0,56,9.03,0,44
"2693",35,0,79,-10.86,0,44
"2694",35,0.93,69,5.27,41,44
"2695",35,0.7,62,-6.82,31,44
"2696",35,0.57,70,-7.03,25,44
"2697",35,0,72,-0.98,0,44
"2698",35,0.93,65,-3.84,41,44
"2699",35,0.77,64,0.65,34,44
"2700",35,0.34,61,-3.75,15,44
"2701",35,0.8,73,12.08,35,44
"2702",35,0,75,-0.84,0,44
"2703",35,0.97,78,24.71,43,44
"2704",35,0.93,74,-6.56,41,44
"2705",35,1,77,3.09,44,44
"2706",35,0,71,-3.03,0,44
"2707",35,0.1,68,-1.71,4,44
"2708",35,0,63,-4.98,0,44
"2709",35,0,67,9.18,0,44
"2710",35,0.23,66,12.88,10,44
"2711",35,0,76,7.62,0,44
"2712",35,0,80,-17.29,0,44
"2713",36,1,6,23.71,44,44
"2714",36,0,15,-0.81,0,44
"2715",36,0.87,18,7.83,38,44
"2716",36,0.2,4,7.72,9,44
"2717",36,0,16,1.62,0,44
"2718",36,0.07,3,9.41,3,44
"2719",36,0.62,17,12.06,27,44
"2720",36,0,19,-8.76,0,44
"2721",36,0.97,1,-2.9,43,44
"2722",36,0.9,14,20.1,40,44
"2723",36,0.13,12,-13.4,6,44
"2724",36,0.97,13,4.76,43,44
"2725",36,0.34,8,3.44,15,44
"2726",36,1,2,4.08,44,44
"2727",36,0.93,5,2.47,41,44
"2728",36,0,20,10,0,44
"2729",36,0.8,10,11.56,35,44
"2730",36,0,7,10.76,0,44
"2731",36,0.93,9,-10.11,41,44
"2732",36,0.53,33,-10.84,23,44
"2733",36,0.03,23,-15.96,1,44
"2734",36,0.87,26,8.4,38,44
"2735",36,0,27,4.16,0,44
"2736",36,0.93,38,17.72,41,44
"2737",36,0,40,-18.63,0,44
"2738",36,0,31,3.73,0,44
"2739",36,0.9,29,19.44,40,44
"2740",36,0.9,29,19.44,40,44
"2741",36,0.67,28,-5.72,29,44
"2742",36,0.03,32,8.84,1,44
"2743",36,0.97,25,-11.39,43,44
"2744",36,0.9,30,9.43,40,44
"2745",36,0.77,21,2.53,34,44
"2746",36,0.53,22,12.15,23,44
"2747",36,0.8,37,5.91,35,44
"2748",36,0.07,36,-18.56,3,44
"2749",36,0.4,24,8.75,18,44
"2750",36,0,39,5.25,0,44
"2751",36,0,35,3.28,0,44
"2752",36,0.73,58,4.67,32,44
"2753",36,0.13,47,-2.43,6,44
"2754",36,0.69,57,-14.2,30,44
"2755",36,0.27,60,6.28,12,44
"2756",36,0.93,53,11.46,41,44
"2757",36,0.37,50,12.82,16,44
"2758",36,0.4,49,-3.3,18,44
"2759",36,0.47,44,-7.14,21,44
"2760",36,1,41,-7.67,44,44
"2761",36,0.77,54,3.86,34,44
"2762",36,0.67,45,11.37,29,44
"2763",36,0.6,55,19.25,26,44
"2764",36,0,56,2.6,0,44
"2765",36,0.63,46,-4.84,28,44
"2766",36,0.37,42,26.32,16,44
"2767",36,0.07,59,3.01,3,44
"2768",36,0,48,-5.13,0,44
"2769",36,0.4,43,18.71,18,44
"2770",36,0,52,-30.01,0,44
"2771",36,0.03,51,-1.8,1,44
"2772",36,0.97,78,4.8,43,44
"2773",36,0.8,73,-2.72,35,44
"2774",36,0,75,-1.38,0,44
"2775",36,0,76,-3.02,0,44
"2776",36,0.1,68,1.28,4,44
"2777",36,0.57,70,8.93,25,44
"2778",36,0,67,2.84,0,44
"2779",36,0,63,-21.6,0,44
"2780",36,0.93,74,11.29,41,44
"2781",36,0.34,61,2.21,15,44
"2782",36,0,72,1.04,0,44
"2783",36,0.93,69,13.54,41,44
"2784",36,0.93,65,5.6,41,44
"2785",36,0.7,62,11.51,31,44
"2786",36,1,77,-12.37,44,44
"2787",36,0,71,-12.63,0,44
"2788",36,0.23,66,5.24,10,44
"2789",36,0.77,64,-13.13,34,44
"2790",37,0,18,-6.95,0,44
"2791",37,0,5,-13.32,0,44
"2792",37,0.03,10,8.87,1,44
"2793",37,0,17,0.16,0,44
"2794",37,0.9,15,20.37,40,44
"2795",37,0.87,11,22.15,38,44
"2796",37,0.03,9,5.79,1,44
"2797",37,0,13,-12.15,0,44
"2798",37,0.93,16,-8.72,41,44
"2799",37,0.03,2,12.31,1,44
"2800",37,0,1,16.84,0,44
"2801",37,0.8,7,13.65,35,44
"2802",37,0.9,20,19.38,40,44
"2803",37,0.97,8,-7.83,43,44
"2804",37,0,6,-14.85,0,44
"2805",37,1,12,18.41,44,44
"2806",37,1,19,23.54,44,44
"2807",37,1,3,11.93,44,44
"2808",37,0,14,0.53,0,44
"2809",37,0.93,4,21.41,41,44
"2810",37,0,25,-6.97,0,44
"2811",37,0.97,39,-0.84,43,44
"2812",37,0.93,24,0.34,41,44
"2813",37,0,38,10.31,0,44
"2814",37,0.27,28,8.26,12,44
"2815",37,0,30,-1.88,0,44
"2816",37,0,37,3.3,0,44
"2817",37,0,33,-2.15,0,44
"2818",37,0.8,32,5.29,35,44
"2819",37,0.9,29,7.43,40,44
"2820",37,0.9,29,7.43,40,44
"2821",37,0.93,23,3.03,41,44
"2822",37,0.97,35,-1.04,43,44
"2823",37,0.93,40,3.09,41,44
"2824",37,0.97,27,3.05,43,44
"2825",37,0.3,34,1.98,13,44
"2826",37,0.77,36,6.94,34,44
"2827",37,0,26,2.3,0,44
"2828",37,0.03,21,12.4,1,44
"2829",37,0.07,41,16.9,3,44
"2830",37,0,57,9.45,0,44
"2831",37,0.9,60,3.01,40,44
"2832",37,0.13,42,5.45,6,44
"2833",37,0.9,44,29.04,40,44
"2834",37,0,58,-3.16,0,44
"2835",37,0.07,53,5.6,3,44
"2836",37,0.93,55,-10.04,41,44
"2837",37,0.5,49,8.62,22,44
"2838",37,0.2,46,-5.09,9,44
"2839",37,0.87,48,5.47,38,44
"2840",37,0.3,54,4.84,13,44
"2841",37,0.87,52,13.57,38,44
"2842",37,0.93,43,-1.47,41,44
"2843",37,0.73,59,-1.14,32,44
"2844",37,0.9,51,9.39,40,44
"2845",37,0,74,15.3,0,44
"2846",37,0.07,73,5.69,3,44
"2847",37,0.9,72,12.64,40,44
"2848",37,0.83,63,-6.31,37,44
"2849",37,0,61,-8.25,0,44
"2850",37,0.07,66,0.06,3,44
"2851",37,0.5,64,-0.09,22,44
"2852",37,0,62,25.35,0,44
"2853",37,0.93,77,2.37,41,44
"2854",37,0.83,78,12.68,37,44
"2855",37,0.03,70,-5.32,1,44
"2856",37,0.9,76,-1.7,40,44
"2857",37,0.07,65,-0.46,3,44
"2858",37,0.27,68,-26.85,12,44
"2859",37,0.87,67,-2.67,38,44
"2860",37,0.9,71,16.23,40,44
"2861",37,0,69,21.89,0,44
"2862",37,0.97,80,30.82,43,44
"2863",37,0.97,79,9,43,44
