"","subj","trial","load","p_size"
"1",701,1,2,1021.40856592878
"2",701,2,1,951.434879571811
"3",701,3,5,1063.95694716243
"4",701,4,4,913.487076648841
"5",701,5,0,602.686849574267
"6",701,6,3,826.219892952721
"7",701,7,0,463.802123552124
"8",701,8,4,757.552092609083
"9",701,9,2,732.942940038685
"10",701,10,3,590.649107142857
"11",701,11,5,878.738201246661
"12",701,12,1,851.180078508341
"13",701,13,4,772.236185383244
"14",701,14,3,829.34858490566
"15",701,15,0,455.479036574487
"16",701,16,1,587.802694898941
"17",701,17,2,713.050311665183
"18",701,18,5,708.441658630665
"19",701,19,1,707.664230019493
"20",701,20,5,787.369875222816
"21",701,21,2,566.930762081784
"22",701,22,3,722.141711229947
"23",701,23,0,540.061157796452
"24",701,24,4,666.924688057041
"25",701,25,2,698.234741784038
"26",701,26,1,652.669794459339
"27",701,27,3,575.608288770053
"28",701,28,0,626.432709447415
"29",701,29,5,572.862622658341
"30",701,30,4,726.16212406015
"31",701,31,5,751.825757575758
"32",701,32,1,727.185548617306
"33",701,33,2,624.94375
"34",701,34,3,682.806647940075
"35",701,35,4,687.13535173642
"36",701,36,0,635.536128456735
"37",701,37,3,613.606299212598
"38",701,38,4,654.627450980392
"39",701,39,1,556.506910167818
"40",701,40,2,645.214603739982
"41",701,41,0,600.524079320113
"42",702,1,1,1609.60355029586
"43",702,2,4,1654.04241071429
"44",702,3,5,1681.06010685663
"45",702,4,0,1407.70187165775
"46",702,5,2,1604.51919642857
"47",702,6,3,1582.78616071429
"48",702,7,5,1650.24577777778
"49",702,8,0,1497.30428954424
"50",702,9,2,1616.74504249292
"51",702,10,3,1702.26203208556
"52",702,11,4,1609.51231060606
"53",702,12,1,1659.01919642857
"54",702,14,1,1625.16100872939
"55",702,15,0,1493.16562220233
"56",702,16,4,1600.29010695187
"57",702,17,3,1648.68092691622
"58",702,18,2,1725.6197519084
"59",702,19,0,1619.92782026769
"60",702,20,2,1616.19481680071
"61",702,21,3,1700.63506876228
"62",702,22,4,1667.88103756708
"63",702,23,1,1641.67736185383
"64",702,24,5,1630.63514719001
"65",702,25,3,1657.23327386262
"66",702,26,1,1721.32877358491
"67",702,27,5,1691.90142729706
"68",702,28,2,1614.02408563782
"69",702,29,0,1101.00711111111
"70",702,30,4,1716.82008928571
"71",702,31,1,1699.28947368421
"72",702,32,0,1372.44870651204
"73",702,33,3,1611.64719000892
"74",702,34,4,1699.43482142857
"75",702,35,2,1700.11106155219
"76",702,36,5,1711.54055258467
"77",702,37,0,1373.56082375479
"78",702,38,5,1549.20625
"79",702,39,4,1644.72739480752
"80",702,40,2,1560.62199465717
"81",702,41,1,1584.44112060779
"82",702,42,3,1571.70931326435
"83",702,43,4,1546.36997319035
"84",702,44,1,1559.234375
"85",702,45,0,1540.74339622642
"86",702,46,3,1517.40929401251
"87",702,47,5,1548.873885918
"88",702,48,2,1507.57442067736
"89",702,49,4,1533.52228163993
"90",702,50,2,1530.35606060606
"91",702,51,0,1317.19856887299
"92",702,52,1,1586.24830917874
"93",702,53,5,1543.95539696699
"94",702,54,3,1636.41079393399
"95",702,55,2,1628.00951474786
"96",702,56,0,1463.02988403211
"97",702,57,3,1552.11462979483
"98",702,58,5,1611.98262032086
"99",702,59,4,1582.69212062257
"100",702,60,1,1550.184375
"101",702,61,0,1479.47840690979
"102",702,62,4,1588.51027703307
"103",702,63,3,1552.98125
"104",702,64,2,1580.10383244207
"105",702,65,1,1592.5623885918
"106",702,66,5,1645.02276785714
"107",702,67,1,1644.08385370205
"108",702,68,4,1625.74308652988
"109",702,69,3,1699.49197145406
"110",702,70,2,1702.63990147783
"111",702,71,5,1635.24241071429
"112",702,72,0,1537.25915996425
"113",702,73,3,1550.57263814617
"114",702,74,0,1605.78902765388
"115",702,75,4,1606.91480820696
"116",702,76,2,1631.49463806971
"117",702,77,1,1662.48573975045
"118",702,78,5,1611.65133928571
"119",702,79,3,1643.12789661319
"120",702,80,1,1669.42940125112
"121",702,81,0,1507.83303571429
"122",702,82,5,1698.4991087344
"123",702,83,2,1650.0625
"124",702,84,4,1686.60838537021
"125",702,85,1,1718.59598214286
"126",702,86,2,1703.62921348315
"127",702,87,4,1671.62689901698
"128",702,88,5,1694.93214285714
"129",702,89,0,1557.02633928571
"130",702,90,3,1603.0017905103
"131",702,91,5,1661.01648841355
"132",702,92,0,1502.10695187166
"133",702,93,3,1634.05476402493
"134",702,94,2,1741.58637577916
"135",702,95,4,1635.60580357143
"136",702,96,1,1786.81071428571
"137",702,97,3,1576.76103646833
"138",702,98,2,1656.4875333927
"139",702,99,0,1480.4362176628
"140",702,100,5,1636.909455843
"141",702,101,4,1613.74976569822
"142",702,102,1,1638.12533452275
"143",702,103,0,1506.772970562
"144",702,104,4,1663.77183600713
"145",702,105,5,1648.46743978591
"146",702,106,3,1657.45535714286
"147",702,107,2,1702.15801253357
"148",702,108,1,1551.68510258698
"149",702,109,5,1642.80169340463
"150",702,110,3,1666.68574199806
"151",702,111,4,1658.67172167707
"152",702,112,1,1777.40622009569
"153",702,113,0,1529.14495985727
"154",702,114,2,1662.37678571429
"155",702,115,0,1608.85071301248
"156",702,116,4,1593.72281639929
"157",702,117,5,1666.363717605
"158",702,118,3,1704.33377896613
"159",702,119,1,1750.12098214286
"160",702,120,2,1685.69821428571
"161",703,1,1,1709.45790458372
"162",703,2,2,1558.67528991971
"163",703,3,3,1031.27098214286
"164",703,4,5,1096.56116071429
"165",703,5,4,897.287756925827
"166",703,6,0,787.685383244207
"167",703,7,3,821.739052725648
"168",703,8,1,1216.35816235504
"169",703,9,4,1418.81534344335
"170",703,10,0,1218.57308377897
"171",703,11,2,1540.55133928571
"172",703,12,5,1753.9584078712
"173",703,13,0,1562.17335115865
"174",703,14,5,1825.28954423592
"175",703,15,4,1790.44012511171
"176",703,16,3,1606.35223214286
"177",703,17,1,1413.66116071429
"178",703,18,2,1480.16458519179
"179",703,19,3,1481.13057040998
"180",703,20,0,1195.87901785714
"181",703,21,1,1381.31700801425
"182",703,22,5,1516.80500894454
"183",703,23,2,1529.69234194123
"184",703,24,4,1813.89490161002
"185",703,25,0,1892.7225691347
"186",703,26,1,1745.78660714286
"187",703,27,4,1714.41992882562
"188",703,28,2,1806.56294642857
"189",703,29,5,1872.84536541889
"190",703,30,3,1695.28010704728
"191",703,31,1,1645.15133928571
"192",703,32,0,1855.73728813559
"193",703,33,4,1843.4745308311
"194",703,34,5,1811.9
"195",703,35,2,1780.69017857143
"196",703,36,3,1785.3143365984
"197",703,37,1,1696.09786476868
"198",703,38,2,1782.19357716325
"199",703,39,0,1712.58303571429
"200",703,40,4,1842.78060768543
"201",703,41,5,1800.5
"202",703,42,3,1942.97147950089
"203",703,43,0,1735.95889186774
"204",703,44,5,1721.36473214286
"205",703,45,1,1689.01204281891
"206",703,46,3,1819.72370766488
"207",703,47,2,1718.10947274352
"208",703,48,4,1840.95636687444
"209",703,49,1,1715.85918003565
"210",703,50,2,1577.63047363718
"211",703,51,5,1911.37767857143
"212",703,52,0,2053.53883928571
"213",703,53,4,2090.12076648841
"214",703,54,3,2073.42959001783
"215",703,55,4,1792.44910714286
"216",703,56,0,1954.33571428571
"217",703,57,1,1825.40401785714
"218",703,58,3,1902.12979482605
"219",703,59,5,2094.11809269162
"220",703,60,2,1916.38382484361
"221",703,61,1,1983.12723214286
"222",703,62,4,1894.68571428571
"223",703,63,0,2038.23348214286
"224",703,64,5,1835.74242424242
"225",703,65,2,1938.96167557932
"226",703,66,3,1823.68096514745
"227",703,67,0,1986.27029438002
"228",703,68,3,2026.12555853441
"229",703,69,1,2098.42201426025
"230",703,70,4,2174.04786729858
"231",703,71,5,2247.84553571429
"232",703,72,2,2150.60434372049
"233",703,73,5,2185.95454545455
"234",703,74,4,2217.84255129349
"235",703,75,3,2147.52228163993
"236",703,76,2,1996.4317573595
"237",703,77,0,1975.86940966011
"238",703,78,1,2101.58474576271
"239",703,79,5,2064.70507117438
"240",703,80,1,1952.77118644068
"241",703,81,3,2038.53158362989
"242",703,82,4,2099.709375
"243",703,83,2,2152.38169642857
"244",703,84,0,1930.90669642857
"245",703,85,4,2143.07110912343
"246",703,86,3,2126.01066666667
"247",703,87,2,2076.14559216385
"248",703,88,1,2087.72301516503
"249",703,89,0,2408.25754716981
"250",703,90,5,2103.53339269813
"251",703,91,0,2108.43106704438
"252",703,92,2,2080.2873100983
"253",703,93,3,2234.30607685433
"254",703,94,4,2136.25400355872
"255",703,95,5,2173.93236714976
"256",703,96,1,2085.30406043437
"257",703,97,4,2087.20320855615
"258",703,98,0,2032.12890276539
"259",703,99,2,2147.46360153257
"260",703,100,5,2202.75939177102
"261",703,101,3,2201.51921358356
"262",703,102,1,2247.38680926916
"263",703,103,0,2050.42016057092
"264",703,104,5,2223.71275646744
"265",703,105,4,2202.82961641392
"266",703,106,3,2169.83928571429
"267",703,107,2,2136.48887900356
"268",703,108,1,2212.97589285714
"269",703,109,3,2290.92232142857
"270",703,110,1,2278.53446647781
"271",703,111,0,2116.88814616756
"272",703,112,4,2236.44196428571
"273",703,113,2,2171.9011627907
"274",703,114,5,2182.21772039181
"275",703,115,1,2113.7181088314
"276",703,116,0,2157.22638146168
"277",703,117,3,2237.71983914209
"278",703,118,4,2208.29330357143
"279",703,119,5,2181.75489323843
"280",703,120,2,2169.98486197685
"281",704,1,4,5079.07301869991
"282",704,2,3,4925.41049085659
"283",704,3,1,4645.42475512021
"284",704,4,5,5029.1677074041
"285",704,5,2,4977.97903657449
"286",704,6,0,4388.85815939279
"287",704,7,1,4678.36387900356
"288",704,8,5,4953.82546749777
"289",704,9,2,4779.44449626866
"290",704,10,3,4915.39358860196
"291",704,11,0,4594.95479962721
"292",704,12,4,4871.7375
"293",704,13,2,4943.06945681211
"294",704,14,3,4882.80782918149
"295",704,15,4,4882.58852313167
"296",704,16,1,4539.18714821764
"297",704,17,5,5200.15271593945
"298",704,18,0,4464.52926829268
"299",704,19,1,4647.33259127338
"300",704,20,5,5114.82483474976
"301",704,21,2,5035.29608192342
"302",704,22,3,5204.94795373666
"303",704,23,0,4380.82637655417
"304",704,24,4,5210.57219251337
"305",704,25,3,5023.39670525378
"306",704,26,1,5102.30714285714
"307",704,27,0,4992.99021352313
"308",704,28,2,4495.06880301602
"309",704,29,4,5129.49421193232
"310",704,30,5,5082.41042780749
"311",704,31,0,4666.16714836223
"312",704,32,5,5128.12333036509
"313",704,33,4,5085.29225978648
"314",704,34,1,4638.12676720075
"315",704,35,3,4997.91147686833
"316",704,36,2,5047.20881567231
"317",704,37,3,5000.15106951872
"318",704,38,5,5090.10347903657
"319",704,39,1,4949.61966192171
"320",704,40,0,5078.50534759358
"321",704,41,4,5133.16165413534
"322",704,42,2,5170.60962566845
"323",704,43,4,5106.62546992481
"324",704,44,2,5082.18108831401
"325",704,45,0,4935.14285714286
"326",704,46,5,5251.0303030303
"327",704,47,3,5182.75822222222
"328",704,48,1,4740.75422974176
"329",704,49,2,4950.87644959857
"330",704,50,1,4496.64444444444
"331",704,51,4,5066.22484416741
"332",704,52,3,5023.96930604982
"333",704,53,5,5168.26046304541
"334",704,54,0,4815.32053571429
"335",704,55,5,5276.43360071301
"336",704,56,2,5084.94957587182
"337",704,57,4,5056.77406417112
"338",704,58,1,4793.92067736185
"339",704,59,3,4960.22346119536
"340",704,60,0,4423.37700534759
"341",704,61,1,4934.66147686833
"342",704,62,3,5023.51335707925
"343",704,63,4,5191.71377777778
"344",704,64,2,4926.44790739092
"345",704,65,5,5287.53832442068
"346",704,66,0,4707.50667853963
"347",704,67,1,5326.38057040998
"348",704,68,0,4596.33837934105
"349",704,69,3,5042.57651245552
"350",704,70,5,5204.01513802315
"351",704,71,2,4797.87687265918
"352",704,72,4,4977.53205699021
"353",704,73,1,5050.49108734403
"354",704,74,2,4894.69973309609
"355",704,75,5,5151.16012488849
"356",704,76,3,5165.46170970614
"357",704,77,0,5008.55342831701
"358",704,78,4,4984.61788256228
"359",704,79,3,5047.08794642857
"360",704,80,2,4682.29252003562
"361",704,81,1,4910.33615316118
"362",704,82,5,4907.60494402985
"363",704,83,4,4934.42698130009
"364",704,84,0,4868.51876675603
"365",704,85,3,5137.44875222816
"366",704,86,1,4872.07613535174
"367",704,87,4,5049.91540516474
"368",704,88,0,4967.04444444444
"369",704,89,2,5291.56361209964
"370",704,90,5,5267.671875
"371",704,91,1,4952.02718360071
"372",704,92,2,4873.34032114184
"373",704,93,3,5117.65213523132
"374",704,94,5,5292.96833184657
"375",704,95,4,5129.98248106061
"376",704,96,0,5218.78055307761
"377",704,97,1,5145.04906333631
"378",704,98,0,4877.52980427046
"379",704,99,3,5181.77207850134
"380",704,100,2,5112.3278322926
"381",704,101,5,5140.5320855615
"382",704,102,4,5187.91698113208
"383",704,103,0,4932.68465655665
"384",704,104,3,5303.55659536542
"385",704,105,5,5151.626114082
"386",704,106,1,5422.4274911032
"387",704,107,4,5244.16162065895
"388",704,108,2,5180.3303650935
"389",704,109,0,5139.784
"390",704,110,3,5106.81595365419
"391",704,111,2,5259.28844444444
"392",705,1,2,5068.72516875603
"393",705,2,0,4821.22974176313
"394",705,3,1,4799.72528940338
"395",705,4,4,4990.87254901961
"396",705,5,3,4805.05772994129
"397",705,6,5,4914.15733333333
"398",705,7,1,4646.71984805318
"399",705,8,5,4776.60507569012
"400",705,10,0,4781.27085285848
"401",705,11,4,4848.74021352313
"402",705,12,2,4873.5308988764
"403",705,13,1,4387.65035587189
"404",705,14,2,4564.9059714795
"405",705,15,5,4540.24662162162
"406",705,16,3,4528.54598214286
"407",705,17,0,4355.83893557423
"408",705,18,4,4549.96349065004
"409",705,19,2,4388.33333333333
"410",705,20,5,4380.60062333037
"411",705,21,4,4630.4937439846
"412",705,22,0,4457.62722419929
"413",705,23,1,4548.49607458292
"414",705,24,3,4547.09366636931
"415",705,25,4,4240.01185958254
"416",705,26,2,4211.48508180943
"417",705,27,5,4204.74068627451
"418",705,28,1,4277.76916221034
"419",705,29,3,4257.53414634146
"420",705,30,0,4195.94479073909
"421",705,31,3,4337.72448015123
"422",705,32,1,4018.59964412811
"423",705,33,5,4323.88331854481
"424",705,34,2,4148.98464491363
"425",705,35,4,4281.99241748439
"426",705,36,0,4079.84200567644
"427",705,37,2,4130.29073909172
"428",705,38,0,3875.42933723197
"429",705,39,4,4229.11373773417
"430",705,40,3,4046.23843248347
"431",705,41,1,4114.30758928571
"432",705,42,5,4102.99854791868
"433",705,43,2,4269.50133333333
"434",705,44,4,4380.16747809153
"435",705,45,5,4413.65909090909
"436",705,46,1,4322.86932938856
"437",705,47,0,3852.36877224199
"438",705,48,3,4236.86007827789
"439",705,49,1,3949.49110320285
"440",705,50,0,3939.15034280118
"441",705,51,5,4075.64616755793
"442",705,52,2,4067.40359168242
"443",705,53,4,4099.5787366548
"444",705,54,3,4121.10404624277
"445",705,75,4,4161.90531716418
"446",705,76,3,3960.815625
"447",705,77,1,3962.31813819578
"448",705,78,0,3705.15316117542
"449",705,79,5,4117.61603773585
"450",705,80,3,4123.15254237288
"451",705,81,0,3669.99465240642
"452",705,82,2,3904.37524366472
"453",705,83,1,3948.77644444444
"454",705,84,4,4037.19024390244
"455",705,85,3,3883.58993766696
"456",705,86,4,3880.46625475285
"457",705,87,1,3853.89982190561
"458",705,88,5,4008.35135135135
"459",705,89,0,3749.60409252669
"460",705,90,2,3995.24435028249
"461",705,91,1,3745.37722419929
"462",705,92,0,3683.88454706927
"463",705,93,5,4112.0927734375
"464",705,94,4,3779.98260481713
"465",705,95,2,4205.31272241993
"466",705,96,3,3922.0527589545
"467",705,97,0,4041.49911032028
"468",705,98,4,3923.10962566845
"469",705,99,3,3885.4816955684
"470",705,100,2,4174.69111111111
"471",705,101,5,4258.96088888889
"472",705,102,1,4199.56767586821
"473",705,103,2,4232.8232413179
"474",705,104,1,4057.537299339
"475",705,105,4,3842.63080357143
"476",705,106,0,4019.03274682307
"477",705,107,3,4059.96743978591
"478",705,108,5,4233.12288512912
"479",705,109,4,4227.51353874883
"480",705,110,5,4211.51868327402
"481",705,111,1,4232.76803205699
"482",705,112,0,3848.05300187617
"483",705,113,3,4076.86583184258
"484",705,114,2,3962.15285714286
"485",705,115,3,4001.44746215494
"486",705,116,2,4109.79920212766
"487",705,117,1,4083.788
"488",705,118,0,4343.59285714286
"489",705,119,4,4396.20933333333
"490",705,120,5,4236.61830357143
"491",706,1,5,6112.73946360153
"492",706,2,3,6035.84982174688
"493",706,3,1,6060.5711627907
"494",706,4,0,5759.87834224599
"495",706,5,2,5980.70792520036
"496",706,6,4,6075.43021032505
"497",706,7,0,5774.00578291815
"498",706,8,3,5980.97951914515
"499",706,9,1,5992.58574181118
"500",706,10,4,6119.84505788068
"501",706,11,5,5909.58021133525
"502",706,12,2,5972.97108540925
"503",706,13,5,5885.79188948307
"504",706,14,2,5693.76048171276
"505",706,15,3,5621.60711111111
"506",706,16,4,5902.92825311943
"507",706,17,0,5161.14507542147
"508",706,18,1,5650.56361209964
"509",706,19,4,5799.42876224399
"510",706,20,0,5545.46837209302
"511",706,21,2,5447.16370106762
"512",706,22,5,5730.99554764025
"513",706,23,3,5607.38612099644
"514",706,24,1,5501.34
"515",706,25,4,5790.47642348754
"516",706,26,3,5472.52096342551
"517",706,27,0,5153.15803571429
"518",706,28,2,5559.28336298932
"519",706,29,5,5839.29010695187
"520",706,30,1,5161.14228367529
"521",706,31,5,5361.47642348754
"522",706,32,2,5446.64203027605
"523",706,33,0,5288.30909901873
"524",706,34,4,5529.60952804987
"525",706,35,1,5322.70914742451
"526",706,36,3,5609.39616755793
"527",706,37,0,5517.40374331551
"528",706,38,5,5371.57918149466
"529",706,39,4,5725.98305084746
"530",706,40,3,5722.49241748439
"531",706,41,1,5518.04848754448
"532",706,42,2,5720.26069518717
"533",706,43,1,5591.55693950178
"534",706,44,5,5566.28125
"535",706,45,2,5620.01157613535
"536",706,46,0,5281.22468916519
"537",706,47,4,5514.04363312556
"538",706,48,3,5575.86743772242
"539",706,49,4,5672.55347593583
"540",706,50,3,5410.54407836153
"541",706,51,0,5832.22147950089
"542",706,52,5,5789.96482635797
"543",706,53,1,5397.39234875445
"544",706,54,2,5652.87020517395
"545",706,55,3,5092.15364120781
"546",706,56,4,5297.62667261374
"547",706,57,1,5461.34608540925
"548",706,58,2,5270.04719501336
"549",706,59,5,5228.0656424581
"550",706,60,0,5258.04853072128
"551",706,61,5,5296.59848484848
"552",706,62,4,5718.42564559216
"553",706,63,0,5484.1953125
"554",706,64,1,5337.49111111111
"555",706,65,3,5126.88859180036
"556",706,66,2,5503.44790739092
"557",706,67,4,5586.43878462913
"558",706,68,1,5126.23864648264
"559",706,69,2,5470.82339857651
"560",706,70,5,5771.43694493783
"561",706,71,0,5030.78666666667
"562",706,72,3,5163.148
"563",706,73,5,5249.19288888889
"564",706,74,4,5323.45896520963
"565",706,75,3,5602.10008896797
"566",706,76,0,5441.40160284951
"567",706,77,2,5572.75
"568",706,78,1,5631.65644444444
"569",706,79,4,5904.05644444444
"570",706,80,1,5254.8054318789
"571",706,81,5,5549.8161175423
"572",706,82,0,5358.40803571429
"573",706,83,2,5764.61675579323
"574",706,84,3,5265.41445427729
"575",706,85,5,6006.63490650045
"576",706,86,3,5689.26426024955
"577",706,87,4,5715.0298573975
"578",706,88,2,5474.08642578125
"579",706,89,0,5394.90302491103
"580",706,90,1,5419.42818911686
"581",706,91,2,5748.23330365094
"582",706,92,3,5774.57359500446
"583",706,93,1,5426.636485281
"584",706,94,0,5453.7685102587
"585",706,95,5,5691.45280498664
"586",706,96,4,5646.99688334817
"587",706,97,5,5766.22872340426
"588",706,98,2,5673.98573975045
"589",706,99,4,5707.38023152271
"590",706,100,0,5451.07288629738
"591",706,101,1,5753.00177619893
"592",706,102,3,5842.83957219251
"593",706,103,4,5706.98797862867
"594",706,104,3,5946.6165480427
"595",706,105,0,5735.93505338078
"596",706,106,1,5755.50133451957
"597",706,107,2,6129.55976806423
"598",706,108,5,6052.97903657449
"599",706,109,2,6089.06539145907
"600",706,110,3,6107.24309884239
"601",706,111,1,5903.82991985752
"602",706,112,0,5584.636485281
"603",706,113,4,5972.3462657614
"604",706,114,5,6015.54973357016
"605",706,115,1,5853.49866666667
"606",706,116,0,5956.28113879004
"607",706,117,3,6346.0953654189
"608",706,118,4,6285.71677074041
"609",706,119,2,6134.16280107047
"610",706,120,5,6447.76601423488
"611",707,1,4,5916.18003913894
"612",707,2,2,5502.09759358289
"613",707,3,0,5579.8373605948
"614",707,4,1,5740.70963425513
"615",707,5,3,5792.51788908766
"616",707,6,5,5653.03491620112
"617",707,7,0,5472.45093666369
"618",707,8,1,5555.58815672306
"619",707,9,2,5286.65285204991
"620",707,10,4,5494.36952636282
"621",707,11,3,5697.76067615658
"622",707,12,5,5481.34266409266
"623",707,13,3,5448.83437779767
"624",707,14,1,5430.10606060606
"625",707,15,0,5122.87800534283
"626",707,16,4,5466.23585810163
"627",707,17,5,5519.00800711744
"628",707,18,2,5534.89003759398
"629",707,19,3,5484.69830659537
"630",707,20,0,5295.22802734375
"631",707,21,1,5580.86788256228
"632",707,22,2,5367.83556149733
"633",707,23,4,5481.71785714286
"634",707,24,5,5678.90338379341
"635",707,25,0,5193.438057041
"636",707,26,5,5437.35
"637",707,27,3,5567.33971504898
"638",707,28,1,5325.82269155206
"639",707,29,4,5896.70409982175
"640",707,30,2,5751.51517857143
"641",707,31,0,5311.44073083779
"642",707,32,2,5780.82260947274
"643",707,33,5,5484.82177777778
"644",707,34,1,5524.19217081851
"645",707,35,3,5738.01733333333
"646",707,36,4,5822.66607142857
"647",707,37,3,5777.96830357143
"648",707,38,2,5416.93455031167
"649",707,39,5,5381.80642283675
"650",707,40,4,5127.24028436019
"651",707,41,1,5730.5262455516
"652",707,42,0,5555.32709447415
"653",707,43,2,5519.89670525378
"654",707,44,0,4639.98780487805
"655",707,45,5,5357.93226381462
"656",707,46,3,5184.10284951024
"657",707,47,4,5480.59455587393
"658",707,48,1,5349.67869875223
"659",707,49,5,5572.63565891473
"660",707,50,4,5681.90259159964
"661",707,51,0,5119.78686327078
"662",707,52,3,5061.66061452514
"663",707,53,1,5543.9732381802
"664",707,54,2,5813.44429590018
"665",707,55,4,5788.92488888889
"666",707,56,5,5134.6327077748
"667",707,57,1,5305.40361445783
"668",707,58,3,5404.10418521817
"669",707,59,2,5227.19652406417
"670",707,60,0,4782.90900981267
"671",707,61,1,4768.25858684985
"672",707,62,5,5422.53705357143
"673",707,63,4,5229.64362176628
"674",707,64,0,5187.59980713597
"675",707,65,2,5481.06672597865
"676",707,66,3,5278.11840929401
"677",707,67,5,5481.8453976765
"678",707,68,1,5602.41436217663
"679",707,69,4,5667.05369458128
"680",707,70,0,5227.96956132498
"681",707,71,2,5477.13752455796
"682",707,72,3,5498.79794826048
"683",707,73,1,5397.0580875782
"684",707,74,4,5249.75848214286
"685",707,75,2,5499.82126899017
"686",707,76,0,5296.74019607843
"687",707,77,3,5210.58742194469
"688",707,78,5,5400.01917930419
"689",707,79,4,5467.63607878245
"690",707,80,1,5051.15777777778
"691",707,81,0,5249.14666666667
"692",707,82,2,5572.28952473327
"693",707,83,3,5527.66071428571
"694",707,84,5,5734.04537366548
"695",707,85,1,5475.77629233512
"696",707,86,4,5647.62410714286
"697",707,87,5,5753.97261567516
"698",707,88,3,5390.78914590747
"699",707,89,0,5476.5810546875
"700",707,90,2,5462.92908117752
"701",707,91,4,5773.51919642857
"702",707,92,1,5580.96044444444
"703",707,93,2,5496.6673151751
"704",707,94,0,5078.5816235504
"705",707,95,5,5783.01911111111
"706",707,96,3,5657.80988423865
"707",707,97,4,5720.41470311027
"708",707,98,5,6050.69288888889
"709",707,99,1,5691.14336598397
"710",707,100,2,6058.87877358491
"711",707,101,3,5872.74331550802
"712",707,102,0,5361.807357212
"713",707,103,5,5693.92876224399
"714",707,104,2,5531.43683274021
"715",707,105,4,5546.88625592417
"716",707,106,3,5982.32948490231
"717",707,107,1,5532.35247432306
"718",707,108,0,5614.2196969697
"719",707,109,1,5735.96119842829
"720",707,110,2,5913.93226381462
"721",707,111,3,6068.60918003565
"722",707,112,5,5994.96442495127
"723",707,113,0,4709.45811051693
"724",707,114,4,6073.04233511586
"725",707,115,0,6105.53978906999
"726",707,116,5,5964.13921217547
"727",707,117,4,5989.52232142857
"728",707,118,3,6019.2459485224
"729",707,119,1,6146.63660714286
"730",707,120,2,5960.55688888889
"731",708,1,3,5577.3978805395
"732",708,2,1,5311.28297682709
"733",708,3,2,5505.23042704626
"734",708,4,4,5621.92882562278
"735",708,5,0,4817.16978609626
"736",708,6,5,5711.82894736842
"737",708,7,2,5386.42304270463
"738",708,8,0,4879.08771148709
"739",708,9,5,5307.06272241993
"740",708,10,3,5367.48309859155
"741",708,11,1,5079.09919928826
"742",708,12,4,5317.08689839572
"743",708,13,1,5294.14005352364
"744",708,14,4,5204.1678539626
"745",708,15,5,5503.15702846975
"746",708,16,0,4789.13636363636
"747",708,17,2,5415.75602140946
"748",708,18,3,5059.61620658949
"749",708,19,1,4996.69241071429
"750",708,20,4,5179.6599642538
"751",708,21,2,5098.72569134701
"752",708,22,3,4683.97417631345
"753",708,23,5,5291.91903914591
"754",708,24,0,5111.97593582888
"755",708,25,2,5301.05971479501
"756",708,26,1,5339.89741302409
"757",708,27,4,5229.29448398577
"758",708,28,5,5429.54537366548
"759",708,29,0,5072.21581769437
"760",708,30,3,5039.46721311475
"761",708,31,0,4695.79188948307
"762",708,32,3,4892.545941124
"763",708,33,5,4806.12010676157
"764",708,34,4,5038.68656716418
"765",708,35,1,4386.90418894831
"766",708,36,2,4808.27142857143
"767",708,37,4,4873.50843694494
"768",708,38,5,5382.5702775291
"769",708,39,2,5002.02142857143
"770",708,40,0,4493.13458110517
"771",708,41,1,5560.94961612284
"772",708,42,3,5546.76833631485
"773",708,43,2,5317.51737967914
"774",708,44,3,5237.92756349953
"775",708,45,4,4943.28272484417
"776",708,46,1,4740.07894736842
"777",708,47,5,5122.45951957295
"778",708,48,0,4269.71777777778
"779",708,49,1,5368.12366071429
"780",708,50,3,5381.5409252669
"781",708,51,0,5309.68092691622
"782",708,52,4,5341.66770462633
"783",708,53,2,5196.21225577265
"784",708,54,5,5235.87399463807
"785",708,55,2,5471.33689839572
"786",708,56,1,5220.02542372881
"787",708,57,4,5495.23456790123
"788",708,58,5,5387.4406779661
"789",708,59,3,5385.30436720143
"790",708,60,0,4568.90444444444
"791",708,61,3,5371.34857142857
"792",708,62,4,5093.02715939448
"793",708,63,1,5188.95584299732
"794",708,64,2,5389.88124410933
"795",708,65,5,5272.60080285459
"796",708,66,0,5157.73769024172
"797",708,67,2,5288.78356031128
"798",708,68,4,5218.72771836007
"799",708,69,3,5312.10115864528
"800",708,70,1,5315.5195903829
"801",708,71,5,5441.24309884239
"802",708,72,0,4800.91464597478
"803",708,73,4,5493.24131789849
"804",708,74,5,4824.58199643494
"805",708,75,3,5388.61313518696
"806",708,76,1,4932.8233719893
"807",708,77,2,5278.15735294118
"808",708,78,0,5486.62655971479
"809",708,79,4,5556.58616071429
"810",708,80,0,5525.86152416357
"811",708,81,3,5467.75423728814
"812",708,82,5,2906.03918076581
"813",708,83,1,5455.02096342551
"814",708,84,2,5567.04456327986
"815",708,85,1,5189.78590544157
"816",708,87,3,5003.63661971831
"817",708,88,5,4965.4804096171
"818",708,89,2,5257.22039180766
"819",708,90,0,5184.25734639359
"820",708,91,5,4993.57263814617
"821",708,92,0,4470.74017857143
"822",708,93,2,4812.57648725212
"823",708,94,1,4981.85982142857
"824",708,95,4,5080.85918003565
"825",708,96,3,4694.28832442068
"826",708,97,1,4798.30330062444
"827",708,98,0,4963.56026785714
"828",708,99,5,4949.07703213611
"829",708,100,4,4951.37655971479
"830",708,101,3,4793.08563782337
"831",708,102,2,5053.44638069705
"832",708,103,4,5099.72191272052
"833",708,104,5,4782.5124666073
"834",708,105,0,4591.30427046263
"835",708,106,1,5072.16785079929
"836",708,107,2,4726.36363636364
"837",708,108,3,5047.17869875223
"838",708,109,2,4741.95008912656
"839",708,110,0,4769.79118432769
"840",708,111,4,5160.564
"841",708,112,3,4936.73550401427
"842",708,113,5,4912.34670231729
"843",708,114,1,5354.53386809269
"844",708,115,4,5082.53612845674
"845",708,116,0,4783.57091882248
"846",708,117,5,5004.07493309545
"847",708,118,3,5082.6500445236
"848",708,119,2,4924.89838854073
"849",708,120,1,4937.39419642857
"850",709,1,4,5081.49276759884
"851",709,2,3,5012.68104982206
"852",709,3,1,4832.20476190476
"853",709,4,2,4697.84879571811
"854",709,5,5,4626.78836987607
"855",709,6,0,4299.35574354408
"856",709,7,5,4648.95777777778
"857",709,8,4,4431.66812865497
"858",709,9,2,4631.01914514693
"859",709,10,3,4404.62789661319
"860",709,11,0,4483.10704727922
"861",709,12,1,4381.88101604278
"862",709,13,0,4688.15864527629
"863",709,14,1,4555.12048780488
"864",709,15,5,4594.83688888889
"865",709,16,4,4721.40571939231
"866",709,17,2,4525.48842386465
"867",709,18,3,4683.72847358121
"868",709,19,1,4501.7179144385
"869",709,20,5,4600.8603646833
"870",709,21,0,4628.19849023091
"871",709,22,2,4837.25210084034
"872",709,23,3,4627.39483065954
"873",709,24,4,4728.59982174688
"874",709,25,5,4716.26645907473
"875",709,26,2,4643.36629001883
"876",709,27,4,4763.18788958148
"877",709,28,0,4661.58991436727
"878",709,29,3,4664.4367201426
"879",709,30,1,4747.19919786096
"880",709,31,3,4730.15017825312
"881",709,32,2,4599.12702188392
"882",709,33,0,4741.18861209964
"883",709,34,1,4755.03959074733
"884",709,35,4,4678.41357421875
"885",709,36,5,4804.57346393589
"886",709,37,4,4751.01911111111
"887",709,38,0,4674.20205799813
"888",709,39,2,4810.42482206406
"889",709,40,5,4713.8605313093
"890",709,41,3,4620.31639928699
"891",709,42,1,4736.93677649154
"892",709,43,4,4771.4686940966
"893",709,45,5,4440.02073515551
"894",709,46,3,4472.09786821705
"895",709,47,0,4343.59759358289
"896",709,48,2,4468.73087188612
"897",709,49,3,4285.73407335907
"898",709,50,0,4330.50133451957
"899",709,51,4,4201.16443850267
"900",709,52,2,4171.63591800357
"901",709,53,1,4127.57085561497
"902",709,54,5,4313.78044444444
"903",709,55,2,4183.52228163993
"904",709,56,0,4375.05926916221
"905",709,57,1,4155.99154051647
"906",709,58,5,4236.11219946572
"907",709,59,4,4097.42171481827
"908",709,60,3,4320.41480820696
"909",709,61,5,4267.44023193577
"910",709,62,1,4218.97905525847
"911",709,63,3,4184.57524487979
"912",709,64,2,4302.61887800534
"913",709,65,0,4158.28099910794
"914",709,66,4,4098.11764705882
"915",709,67,0,4249.23881932022
"916",709,68,3,4120.74
"917",709,69,4,4248.28005342832
"918",709,70,2,4160.76252408478
"919",709,71,5,4144.64323843416
"920",709,72,1,4225.1803205699
"921",709,73,2,4150.46438112199
"922",709,74,5,4221.9164432529
"923",709,75,3,4360.82991985752
"924",709,76,4,4106.31226415094
"925",709,77,0,4182.88279857398
"926",709,78,1,4119.2531769306
"927",709,79,4,4108.34763181412
"928",709,80,0,4211.61866028708
"929",709,81,3,4294.43900267142
"930",709,82,5,4202.77703306524
"931",709,83,1,4178.13886424135
"932",709,84,2,4068.67885816236
"933",709,85,3,4204.94924309884
"934",709,86,4,4227.10037700283
"935",709,87,0,4221.98305084746
"936",709,88,2,4270.01690391459
"937",709,89,5,4284.77544642857
"938",709,90,1,4120.96657754011
"939",709,91,4,4204.23847601129
"940",709,92,3,4316.76622222222
"941",709,93,0,4269.45773979107
"942",709,94,5,4266.5632798574
"943",709,95,2,4284.56741071429
"944",709,96,1,4442.33273862623
"945",709,97,2,4326.76567020251
"946",709,98,3,4179.1211556384
"947",709,99,0,4013.47864768683
"948",709,100,4,4224.99906103286
"949",709,101,1,4196.88824577026
"950",709,102,5,4286.13713268032
"951",709,103,4,4188.94444444444
"952",709,104,3,4112.17290552585
"953",709,105,0,4275.89206066013
"954",709,106,2,3955.04804270463
"955",709,107,1,4144.4
"956",709,108,5,4182.55921638468
"957",709,109,2,4043.11130899377
"958",709,110,0,4117.95142602496
"959",709,111,1,4034.42573320719
"960",709,112,4,4006.38879003559
"961",709,113,3,4029.21460373998
"962",709,114,5,3970.84076717217
"963",709,115,3,4045.77699530516
"964",709,116,2,3986.76604278075
"965",709,117,0,3902.39393939394
"966",709,118,5,4057.26273458445
"967",709,119,1,3937.39848619768
"968",709,120,4,4049.5274566474
"969",710,1,4,5429.70392156863
"970",710,2,0,5130.40401785714
"971",710,3,5,5498.07595526561
"972",710,5,3,6967.99063116371
"973",710,6,1,6868.89581478183
"974",710,7,5,7199.30089285714
"975",710,8,4,7477.44568380213
"976",710,9,3,6522.11843276937
"977",710,10,0,5974.9337524178
"978",710,11,2,5179.65477252453
"979",710,12,1,5330.01379003559
"980",710,13,4,4975.17691622103
"981",710,14,5,5406.18605769231
"982",710,15,2,6404.41443850267
"983",710,16,0,6244.80821917808
"984",710,17,1,6699.84625668449
"985",710,18,3,7192.75555555556
"986",710,19,2,6265.70563380282
"987",710,20,1,5856.13587921847
"988",710,21,0,5029.16651162791
"989",710,22,5,5105.69843597263
"990",710,23,4,5158.80347593583
"991",710,24,3,5134.20452403393
"992",710,25,4,5101.49420677362
"993",710,26,5,5070.43443354148
"994",710,27,1,5106.49151785714
"995",710,28,2,5085.66844919786
"996",710,29,0,5051.90357142857
"997",710,30,3,5463.82813891362
"998",710,31,2,5505.19652406417
"999",710,32,3,5190.82308377897
"1000",710,33,1,4952.12535079514
"1001",710,34,5,5010.16726137377
"1002",710,35,0,4981.98831775701
"1003",710,36,4,5081.44246208742
"1004",710,37,5,5092.26915520629
"1005",710,38,2,5064.37254901961
"1006",710,39,0,5063.57633928571
"1007",710,40,4,5390.48262032086
"1008",710,41,3,5119.25188679245
"1009",710,42,1,5057.37946428571
"1010",710,43,4,6047.1309204647
"1011",710,44,2,5190.93054318789
"1012",710,45,3,5266.00535236396
"1013",710,46,0,4951.53571428571
"1014",710,47,5,5135.69590382903
"1015",710,48,1,5229.79026036644
"1016",710,49,5,5574.31700801425
"1017",710,50,3,5355.615625
"1018",710,51,1,5394.02139037433
"1019",710,52,2,6239.13110902256
"1020",710,53,0,6774.50845948353
"1021",710,54,4,5275.38739946381
"1022",710,55,0,5277.42723214286
"1023",710,56,2,5831.44839857651
"1024",710,57,3,5662.2863514719
"1025",710,58,1,4996.37020517395
"1026",710,59,4,5312.92362344583
"1027",710,60,5,5648.88235294118
"1028",710,61,3,5332.72727272727
"1029",710,62,0,5475.0835567471
"1030",710,63,1,5080.5160284951
"1031",710,64,4,5337.91554959785
"1032",710,65,5,6007.96434937611
"1033",710,66,2,6603.1039250669
"1034",710,67,5,7506.2381590706
"1035",710,68,1,7117.27491103203
"1036",710,69,2,6107.47901785714
"1037",710,70,4,5795.51823843416
"1038",710,71,0,5789.38269402319
"1039",710,72,3,5002.81412639405
"1040",710,73,0,5336.81818181818
"1041",710,74,3,5244.24176313446
"1042",710,75,4,5210.53647686833
"1043",710,76,2,5115.57575757576
"1044",710,77,1,6007.32754010695
"1045",710,78,5,5118.75891265597
"1046",710,79,2,5157.57582515611
"1047",710,80,3,5086.06632173095
"1048",710,81,5,5103.6018683274
"1049",710,82,4,5281.58117752007
"1050",710,83,0,6210.61576135352
"1051",710,84,1,5736.56684491979
"1052",710,85,3,5517.52361853832
"1053",710,86,5,5043.95973782772
"1054",710,87,4,5116.60177777778
"1055",710,88,0,5310.18287243533
"1056",710,89,2,5048.0008912656
"1057",710,90,1,5093.54906333631
"1058",710,91,5,5243.52762923351
"1059",710,92,0,5710.46253345227
"1060",710,93,1,5158.66503122212
"1061",710,94,4,5113.0125
"1062",710,95,2,5093.99241748439
"1063",710,96,3,5933.40791814947
"1064",710,97,4,5972.08734402852
"1065",710,98,1,6391.43878462913
"1066",710,99,3,5374.13737734166
"1067",710,100,5,5491.81668153434
"1068",710,101,0,4762.29137010676
"1069",710,102,2,5148.70071047957
"1070",710,103,1,5186.07149240393
"1071",710,104,3,5155.55164737311
"1072",710,105,4,5235.90880782918
"1073",710,106,5,5681.99016979446
"1074",710,107,2,6589.10570918822
"1075",710,108,0,6030.86577777778
"1076",710,109,4,6384.13312555654
"1077",710,110,0,6945.34861976848
"1078",710,111,1,6774.00177777778
"1079",710,112,3,6489.04407836153
"1080",710,113,2,6607.5320855615
"1081",710,114,5,5690.84416740873
"1082",710,115,4,5358.715625
"1083",710,116,1,6146.59196428571
"1084",710,117,2,5980.41964285714
"1085",710,118,0,5980.75668449198
"1086",711,1,4,4555.5247148289
"1087",711,2,5,4612.96927871772
"1088",711,3,0,4036.92702448211
"1089",711,4,1,4219.39180765806
"1090",711,5,2,4066.85097864769
"1091",711,6,3,4335.76981300089
"1092",711,7,0,3760.81834372217
"1093",711,8,3,4389.47727272727
"1094",711,9,4,4126.92571174377
"1095",711,10,2,3909.48391674551
"1096",711,11,1,4120.45507117438
"1097",711,12,5,3938.69350533808
"1098",711,13,4,4500.97022222222
"1099",711,14,5,4375.21638468388
"1100",711,15,2,4094.35516934046
"1101",711,16,1,3644.84165923283
"1102",711,17,3,3955.87877442274
"1103",711,18,0,3714.47026022305
"1104",711,19,3,4012.67362344583
"1105",711,20,0,3791.80878438332
"1106",711,21,5,4085.43495145631
"1107",711,22,2,3746.79099821747
"1108",711,23,1,3395.6596975089
"1109",711,24,4,3901.31983985765
"1110",711,25,3,4099.41666666667
"1111",711,26,1,3990.38033807829
"1112",711,27,5,3872.86153161175
"1113",711,28,2,4251.07390917186
"1114",711,29,4,4174.88958147818
"1115",711,30,0,3747.35046296296
"1116",711,31,3,4236.98037466548
"1117",711,32,4,4114.0115350488
"1118",711,33,5,4256.19644444444
"1119",711,34,2,4117.64763603925
"1120",711,35,0,3818.07177734375
"1121",711,36,1,4081.80676758682
"1122",711,37,2,4329.88936781609
"1123",711,38,1,3987.77151730257
"1124",711,39,3,3900.67054986021
"1125",711,40,4,4003.18270944742
"1126",711,41,0,4113.83173537872
"1127",711,42,5,3809.47727272727
"1128",711,43,2,4270.2962633452
"1129",711,44,4,3998.46124401914
"1130",711,45,5,4179.10303300624
"1131",711,46,1,4433.53230472517
"1132",711,47,0,3913.36111111111
"1133",711,48,3,4247.91763134461
"1134",711,49,1,4112.30409617097
"1135",711,50,3,4584.98798932384
"1136",711,51,2,4659.38169642857
"1137",711,52,4,4350.18455743879
"1138",711,53,5,4126.44005328597
"1139",711,54,0,4067.70391807658
"1140",711,55,4,4523.23238180196
"1141",711,56,2,4286.478125
"1142",711,57,5,3926.59903846154
"1143",711,58,3,4162.09492481203
"1144",711,59,0,3475.82711111111
"1145",711,60,1,3812.37310774711
"1146",711,61,2,3936.74289520426
"1147",711,62,0,3668.72744721689
"1148",711,63,3,3977.28991971454
"1149",711,64,1,3387.59528049866
"1150",711,65,4,3658.43321460374
"1151",711,66,5,4134.99955476402
"1152",711,67,2,3957.27139037433
"1153",711,68,3,3593.61932324132
"1154",711,69,1,3986.27688888889
"1155",711,70,4,3671.08852313167
"1156",711,71,5,4032.492
"1157",711,72,0,3669.39037433155
"1158",711,73,3,4070.02580071174
"1159",711,74,1,3882.32263814617
"1160",711,75,2,3222.34505788068
"1161",711,76,4,3503.44964349376
"1162",711,77,0,3267.22682709447
"1163",711,78,5,3545.0756227758
"1164",711,79,3,3666.88133333333
"1165",711,80,5,3794.17850799289
"1166",711,81,2,3888.06333630687
"1167",711,82,0,2869.96358792185
"1168",711,83,1,3353.61086375779
"1169",711,84,4,3555.17393238434
"1170",711,85,2,4374.16295636687
"1171",711,86,3,3610.55634427684
"1172",711,87,1,4048.51914514693
"1173",711,88,0,3149.8321460374
"1174",711,89,5,3559.25534759358
"1175",711,90,4,3203.90382902939
"1176",711,91,2,3704.51556939502
"1177",711,92,4,4121.45008912656
"1178",711,93,1,3471.52088888889
"1179",711,94,5,3992.5637823372
"1180",711,95,0,3293.52891459075
"1181",711,96,3,4170.83008356546
"1182",711,97,4,4089.33525754885
"1183",711,98,3,3914.69991095281
"1184",711,99,0,3120.91948398577
"1185",711,100,2,4251.68198037467
"1186",711,101,5,4344.25920679887
"1187",711,102,1,3656.61822222222
"1188",711,103,5,3838.9750667854
"1189",711,104,2,3767.05169340463
"1190",711,105,0,3287.36987522282
"1191",711,106,3,3598.28412132025
"1192",711,107,4,3629.95466666667
"1193",711,108,1,3635.63511111111
"1194",711,109,4,3986.90497335702
"1195",711,110,3,3973.01556939502
"1196",711,111,2,4173.45102404274
"1197",711,112,1,2979.55966162066
"1198",711,113,5,3924.22271517303
"1199",711,114,0,4235.87789661319
"1200",711,115,3,3664.7803030303
"1201",711,116,5,4348.60169491525
"1202",711,117,2,3886.01203208556
"1203",711,118,0,3508.3018699911
"1204",711,119,1,3537.62533333333
"1205",711,120,4,4206.24110320285
"1206",712,1,1,7854.06921587609
"1207",712,2,2,7835.88279857398
"1208",712,3,5,7998.95442359249
"1209",712,4,3,7659.87688679245
"1210",712,5,0,7472.68181818182
"1211",712,6,4,7680.74209486166
"1212",712,7,3,7528.33914209115
"1213",712,8,5,7656.59714795009
"1214",712,9,2,7469.16435185185
"1215",712,10,4,7630.66369313113
"1216",712,11,1,7427.0949197861
"1217",712,12,0,7149.20302760463
"1218",712,13,1,7447.25467497774
"1219",712,14,2,7181.83659839715
"1220",712,15,0,7597.7834960071
"1221",712,16,5,7635.55031166518
"1222",712,17,4,7283.31227758007
"1223",712,18,3,7086.39898053753
"1224",712,19,5,7554.30871886121
"1225",712,20,0,6515.56411398041
"1226",712,21,1,7003.54634581105
"1227",712,22,4,7164.55842997324
"1228",712,23,3,7419.49345794393
"1229",712,24,2,7420.48176156584
"1230",712,25,5,7379.36464826358
"1231",712,26,1,6439.36086529007
"1232",712,27,3,7827.92462087422
"1233",712,28,4,7494.91385948027
"1234",712,29,0,5071.77569258266
"1235",712,30,2,7452.78645343368
"1236",712,31,4,6779.47417631345
"1237",712,32,2,6414.65892857143
"1238",712,33,5,7420.16473214286
"1239",712,34,3,7378.1945681211
"1240",712,35,0,3962.70163618864
"1241",712,36,1,6965.86197684773
"1242",712,37,5,6634.59739633558
"1243",712,38,2,6944.83707865169
"1244",712,39,3,7423.80390417036
"1245",712,40,1,7473.14803220036
"1246",712,41,4,7696.75379125781
"1247",712,42,0,7217.75155555556
"1248",712,43,2,7247.65770609319
"1249",712,44,4,7056.06793960924
"1250",712,45,0,3135.50892857143
"1251",712,46,1,7443.53561887801
"1252",712,47,5,7522.58763345196
"1253",712,48,3,4889.05747126437
"1254",712,49,1,7484.45098039216
"1255",712,50,3,7642.12099644128
"1256",712,51,5,7858.53170731707
"1257",712,52,0,6197.36375779163
"1258",712,53,4,7751.60749330955
"1259",712,54,2,7943.94380952381
"1260",712,55,0,7032.43354148082
"1261",712,56,2,7349.09642521167
"1262",712,57,1,7038.12555654497
"1263",712,58,4,7222.37619961612
"1264",712,59,3,7486.30026690391
"1265",712,60,5,7718.33552631579
"1266",712,61,1,7325.77911111111
"1267",712,62,3,6852.92105263158
"1268",712,63,2,7367.24261201144
"1269",712,64,0,5453.23080660836
"1270",712,65,4,6717.33971504898
"1271",712,66,5,7575.40712945591
"1272",712,67,2,7784.47553380783
"1273",712,68,4,7600.9371657754
"1274",712,69,5,7172.28825622776
"1275",712,70,3,7701.04980842912
"1276",712,71,1,5550.6243315508
"1277",712,72,0,4827.78870106762
"1278",712,73,1,6978.0160284951
"1279",712,74,4,7618.11620658949
"1280",712,75,5,7058.15876565295
"1281",712,76,3,7394.66778202677
"1282",712,77,2,7072.16345226615
"1283",712,78,0,7433.79252003562
"1284",712,79,4,7413.57142857143
"1285",712,80,1,7651.50446428571
"1286",712,81,3,7054.78202846975
"1287",712,82,2,7317.46654772525
"1288",712,83,0,7129.83837934105
"1289",712,84,5,6699.9373776908
"1290",712,85,2,6717.55776515152
"1291",712,86,1,7077.04076620825
"1292",712,87,5,6738.70758928571
"1293",712,88,3,7259.8178984862
"1294",712,89,0,4318.04861730598
"1295",712,90,4,6851.84075508228
"1296",712,91,3,6410.62488083889
"1297",712,92,2,7432.92424242424
"1298",712,93,0,4351.85587188612
"1299",712,94,5,6738.18604651163
"1300",712,95,1,6537.92557932264
"1301",712,96,4,6193.10424528302
"1302",712,97,0,5863.14330079858
"1303",712,98,5,6261.67276785714
"1304",712,99,2,7105.20391807658
"1305",712,100,4,6808.97
"1306",712,101,3,7145.74217221135
"1307",712,102,1,6120.20625
"1308",712,103,0,4930.72164461248
"1309",712,104,4,7162.18177777778
"1310",712,105,5,7088.33852140078
"1311",712,106,2,6047.78685612789
"1312",712,107,1,6947.45537428023
"1313",712,108,3,7445.12225405922
"1314",712,109,1,7448.17408726625
"1315",712,110,2,6375.76555246054
"1316",712,111,0,6986.54274265361
"1317",712,112,4,7315.52896613191
"1318",712,113,3,7535.53571428571
"1319",712,114,5,7149.30038204394
"1320",712,115,3,7365.99554764025
"1321",712,116,1,7343.96653919694
"1322",712,117,2,7640.47595725735
"1323",712,118,4,7317.76912811388
"1324",712,119,5,7442.58496732026
"1325",712,120,0,7158.24552772809
"1326",713,1,3,10265.5880654475
"1327",713,2,2,10119.7776292335
"1328",713,3,0,9806.54182879377
"1329",713,4,4,9927.40480427046
"1330",713,5,1,9615.5748362956
"1331",713,6,5,9748.00846702317
"1332",713,7,0,9286.44913627639
"1333",713,8,4,9610.89581478183
"1334",713,9,3,9598.98402255639
"1335",713,10,1,9896.91362422084
"1336",713,11,5,9732.64285714286
"1337",713,12,2,9717.44982238011
"1338",713,13,4,9474.60856864654
"1339",713,14,3,9361.59285714286
"1340",713,15,1,9345.13728323699
"1341",713,16,5,9297.54634581105
"1342",713,17,2,9788.94300979519
"1343",713,18,0,8978.39187913126
"1344",713,19,1,9403.77807486631
"1345",713,20,4,9372.58058771149
"1346",713,21,3,9265.75200356189
"1347",713,22,2,9515.69839857651
"1348",713,23,5,9236.82767857143
"1349",713,24,0,8917.97636039251
"1350",713,25,2,9479.34032114184
"1351",713,26,5,9463.80222222222
"1352",713,27,3,9736.94133333333
"1353",713,28,0,8386.12967914439
"1354",713,29,4,9672.18939393939
"1355",713,30,1,9626.18360071301
"1356",713,31,4,9486.08377896613
"1357",713,32,2,9409.15333333333
"1358",713,33,1,9501.4243772242
"1359",713,34,0,9081.87354781054
"1360",713,35,3,9764.97377777778
"1361",713,36,5,9065.88190730838
"1362",713,37,2,9453.5922459893
"1363",713,38,4,9057.10373998219
"1364",713,39,1,9262.036
"1365",713,40,0,9354.45102404274
"1366",713,41,3,9537.42290552585
"1367",713,42,5,9594.51914514693
"1368",713,43,1,9259.42506690455
"1369",713,44,0,9175.51336898396
"1370",713,45,3,9794.47773820125
"1371",713,46,4,9366.9389483066
"1372",713,47,5,9383.80926916221
"1373",713,48,2,9628.84149599288
"1374",713,49,3,9518.49466192171
"1375",713,50,1,9262.44078361532
"1376",713,51,4,9481.66455696203
"1377",713,52,2,9729.25379125781
"1378",713,53,0,9408.39715048976
"1379",713,54,5,9689.41503558719
"1380",713,55,0,9249.14323843416
"1381",713,56,4,9614.9274911032
"1382",713,57,2,9666.03466666667
"1383",713,58,5,9223.35057983943
"1384",713,59,1,9516.56927175844
"1385",713,60,3,9747.82620320856
"1386",713,61,4,8296.68343722173
"1387",713,62,1,9522.376114082
"1388",713,63,3,9401.34444444444
"1389",713,64,2,9520.14534336783
"1390",713,65,5,9674.1878330373
"1391",713,66,0,9056.17249103943
"1392",713,67,1,9757.46345811052
"1393",713,68,3,9531.49465240642
"1394",713,69,0,9192.90187332739
"1395",713,70,4,9494.25891265597
"1396",713,71,2,9901.0714957667
"1397",713,72,5,9207.15017825312
"1398",713,73,4,8980.48039215686
"1399",713,74,3,9781.28743315508
"1400",713,75,1,9616.6203374778
"1401",713,76,2,9631.83422459893
"1402",713,77,5,10039.252228164
"1403",713,78,0,9278.67627599244
"1404",713,79,3,9388.09001782531
"1405",713,80,1,9785.12344582593
"1406",713,81,0,9466.2141509434
"1407",713,82,5,9653.8174955595
"1408",713,83,2,9631.54068627451
"1409",713,84,4,9600.18878005343
"1410",713,85,0,9537.99031945789
"1411",713,86,2,9561.95392156863
"1412",713,87,3,9628.28609625668
"1413",713,88,1,9661.51247771836
"1414",713,89,4,10006.6236654804
"1415",713,90,5,9803.01422222222
"1416",713,91,0,9467.12900355872
"1417",713,92,3,9857.26559714795
"1418",713,93,1,9516.58229537367
"1419",713,94,4,9613.52807486631
"1420",713,95,5,9653.09009812667
"1421",713,96,2,9719.71371326803
"1422",713,97,0,9360.80916370107
"1423",713,98,3,9414.42311111111
"1424",713,99,4,9597.81980374666
"1425",713,100,5,9325.12511130899
"1426",713,101,1,9107.13401602849
"1427",713,102,2,9506.67615658363
"1428",713,103,3,9217.89741302409
"1429",713,104,4,9701.04933333333
"1430",713,105,0,9055.32117437722
"1431",713,106,2,9337.39964317574
"1432",713,107,5,9427.67975022301
"1433",713,108,1,9689.28431372549
"1434",713,109,2,9574.84017857143
"1435",713,110,1,9114.50702247191
"1436",713,111,5,9590.69090098127
"1437",713,112,3,9468.62176628011
"1438",713,113,4,9261.93555555556
"1439",713,114,0,8614.85994647636
"1440",713,115,2,9648.08815672306
"1441",713,116,0,9375.65066666667
"1442",713,117,3,9244.39269813001
"1443",713,118,1,8945.89422222222
"1444",713,119,4,9283.10026737968
"1445",713,120,5,9556.65627782725
"1446",714,1,3,6500.71400587659
"1447",714,2,1,6239.27402135231
"1448",714,3,4,6254.8960749331
"1449",714,4,0,6214.08556149733
"1450",714,5,2,6291.91459074733
"1451",714,6,5,6463.74888492417
"1452",714,7,4,6217.33586083854
"1453",714,8,5,5943.92629107981
"1454",714,9,2,5948.1500445236
"1455",714,10,1,6053.9707293666
"1456",714,11,3,6030.66844444444
"1457",714,12,0,5675.50267379679
"1458",714,13,5,6021.49377224199
"1459",714,14,1,5943.52357651246
"1460",714,15,3,5885.89877589454
"1461",714,16,4,5874.23686553874
"1462",714,17,0,5687.98887900356
"1463",714,18,2,5971.67092337918
"1464",714,19,1,5808.94563279857
"1465",714,20,5,5665.70319432121
"1466",714,21,4,5807.46212121212
"1467",714,22,0,5190.42023172906
"1468",714,23,2,5711.96660730187
"1469",714,24,3,5801.03419182949
"1470",714,25,1,5619.58740017746
"1471",714,26,5,5891.81793960924
"1472",714,27,3,5723.5
"1473",714,28,0,5008.85079928952
"1474",714,29,4,5803.06857976654
"1475",714,30,2,5790.68839285714
"1476",714,31,0,5359.26844444444
"1477",714,32,3,5750.26181980375
"1478",714,33,1,5522.15343443354
"1479",714,34,2,5756.29545454545
"1480",714,35,5,5787.56983985765
"1481",714,36,4,6092.94256455922
"1482",714,37,2,5840.07948490231
"1483",714,38,0,5086.57404103479
"1484",714,39,3,5979.80940834142
"1485",714,40,4,5365.62555654497
"1486",714,41,5,5875.37076648841
"1487",714,42,1,5787.83038210624
"1488",714,43,5,5775.56450177936
"1489",714,44,4,5683.972
"1490",714,45,3,5567.9081934847
"1491",714,46,1,5650.84594835263
"1492",714,47,0,5580.62745098039
"1493",714,48,2,5847.22905525847
"1494",714,49,0,5367.59090909091
"1495",714,50,4,6149.6018683274
"1496",714,51,5,5674.98263579697
"1497",714,52,1,5643.65953654189
"1498",714,53,2,5635.92171481827
"1499",714,54,3,5723.51471900089
"1500",714,55,2,5674.25869759144
"1501",714,56,3,5727.26625111309
"1502",714,57,0,5613.16355555556
"1503",714,58,4,5818.27167630058
"1504",714,59,1,5781.03825622776
"1505",714,60,5,5783.28367528992
"1506",714,61,1,5970.75511111111
"1507",714,62,0,5616.62288512912
"1508",714,63,3,5960.04326494202
"1509",714,64,2,5878.86509349955
"1510",714,65,4,5428.78998073218
"1511",714,66,5,5627.55832591273
"1512",714,67,0,5483.31367292225
"1513",714,68,3,5794.75356506239
"1514",714,69,2,5717.08815672306
"1515",714,70,4,5658.38101604278
"1516",714,71,5,5695.09519572954
"1517",714,72,1,6118.92467043315
"1518",714,73,3,6030.97504456328
"1519",714,74,2,5893.11528150134
"1520",714,75,0,5682.39438502674
"1521",714,76,4,5789.38601959038
"1522",714,77,1,5947.81375358166
"1523",714,78,5,6017.4846743295
"1524",714,79,3,6015.688
"1525",714,80,4,6121.38725490196
"1526",714,81,0,5431.62701252236
"1527",714,82,5,5638.61398040962
"1528",714,83,2,5654.14821428571
"1529",714,84,1,5728.20837043633
"1530",714,85,5,5659.2504456328
"1531",714,86,4,5224.8768956289
"1532",714,87,0,5524.15907059875
"1533",714,88,2,4974.19590382903
"1534",714,89,1,5389.85516934046
"1535",714,90,3,5754.03736654804
"1536",714,91,4,5747.22296693476
"1537",714,92,1,5432.1577540107
"1538",714,93,0,5140.05338078292
"1539",714,94,5,5755.28463713478
"1540",714,95,3,5467.10927743087
"1541",714,96,2,5709.84208185053
"1542",714,97,0,5170.08303571429
"1543",714,98,5,5825.86898395722
"1544",714,99,2,5698.72172751558
"1545",714,100,3,6024.62544642857
"1546",714,101,4,5474.8606411398
"1547",714,102,1,5563.52495543672
"1548",714,103,0,5672.45729537367
"1549",714,104,1,5546.73187108326
"1550",714,105,4,5841.75777777778
"1551",714,106,3,5698.6512455516
"1552",714,107,5,5840.50489759573
"1553",714,108,2,5713.97735346359
"1554",714,109,3,5882.73039215686
"1555",714,110,2,5392.96875
"1556",714,111,1,5977.77693677649
"1557",714,112,4,6030.05387355298
"1558",714,113,5,5845.33586083854
"1559",714,114,0,5474.16904549509
"1560",714,115,3,6407.37177203918
"1561",714,116,1,5860.2192513369
"1562",714,117,0,5783.82072953737
"1563",714,118,2,5907.76892252894
"1564",714,119,4,5890.60071301248
"1565",714,120,5,5733.06554307116
"1566",715,1,4,6735.81787762906
"1567",715,2,1,6607.85801886792
"1568",715,3,2,6403.11874386654
"1569",715,4,0,6486.18247126437
"1570",715,5,3,6817.01830985916
"1571",715,6,5,6638.78762243989
"1572",715,7,0,6396.29237288136
"1573",715,8,2,6480.6632471008
"1574",715,9,4,6662.00827653359
"1575",715,10,3,6748.36875
"1576",715,11,5,6469.42926829268
"1577",715,12,1,6607.36473214286
"1578",715,13,2,6796.80931372549
"1579",715,14,3,6448.5637254902
"1580",715,15,0,6249.462700661
"1581",715,16,4,6666.91406945681
"1582",715,17,1,6817.30019685039
"1583",715,18,5,6344.89260249554
"1584",715,19,1,6601.85594013096
"1585",715,20,0,6528.63324420677
"1586",715,21,3,6503.70271580989
"1587",715,22,4,6408.6876114082
"1588",715,23,5,6576.54069223573
"1589",715,24,2,6415.09475088968
"1590",715,25,1,6483.44990548204
"1591",715,26,2,6635.22123104371
"1592",715,27,4,6932.14252336449
"1593",715,28,0,6933.65960591133
"1594",715,29,5,6902.72088888889
"1595",715,30,3,6687.83192090395
"1596",715,31,2,7534.99420677362
"1597",715,32,3,6930.34676663543
"1598",715,33,1,6907.54508928571
"1599",715,34,5,6741.7314897413
"1600",715,35,0,6144.84215500945
"1601",715,36,4,6562.42914438503
"1602",715,37,1,6808.38879003559
"1603",715,38,2,6656.26817288802
"1604",715,39,4,6619.76559714795
"1605",715,40,0,7961.62089971884
"1606",715,41,5,6567.44335414808
"1607",715,42,3,7140.83919843597
"1608",715,43,4,6634.05793226382
"1609",715,44,3,6659.72217275156
"1610",715,45,1,10421.8606321839
"1611",715,46,5,6759.73001776199
"1612",715,47,0,6517.45825335893
"1613",715,48,2,7081.11955555556
"1614",715,49,3,8693.39086538462
"1615",715,50,5,6399.99367088608
"1616",715,51,4,6207.50850661626
"1617",715,52,0,6358.78558718861
"1618",715,53,2,6477.24610894942
"1619",715,54,1,6348.04181494662
"1620",715,55,5,6310.83777777778
"1621",715,56,0,6091.16852886406
"1622",715,57,1,6559.39431616341
"1623",715,58,3,6190.43672692674
"1624",715,59,4,6213.54679144385
"1625",715,60,2,6401.69590382903
"1626",715,61,3,6479.97296099291
"1627",715,62,4,6258.72212310437
"1628",715,63,0,5824.37276785714
"1629",715,64,2,6441.9279661017
"1630",715,65,1,6382.12834224599
"1631",715,66,5,6255.64445438283
"1632",715,67,2,5987.10038797284
"1633",715,68,1,6189.27807486631
"1634",715,69,0,5876.33640776699
"1635",715,70,5,6179.96339285714
"1636",715,71,3,6067.34697508897
"1637",715,72,4,6395.53842459174
"1638",715,73,3,6236.22058823529
"1639",715,74,0,6343.66074600355
"1640",715,75,4,6373.18060498221
"1641",715,76,1,6290.90160284951
"1642",715,77,2,6434.52092609083
"1643",715,78,5,6595.39453499521
"1644",715,79,3,6387.62421805183
"1645",715,80,1,6552.22136669875
"1646",715,81,4,6329.57079252004
"1647",715,82,5,6062.49335863378
"1648",715,83,2,6242.86666666667
"1649",715,84,0,5363.65701668302
"1650",715,85,4,6215.20632798574
"1651",715,86,5,6043.46705253785
"1652",715,87,3,6352.36776491541
"1653",715,88,2,6120.3367248062
"1654",715,89,1,5991.45681211042
"1655",715,90,0,5928.26960784314
"1656",715,91,4,6099.35451018429
"1657",715,92,5,5792.6589492431
"1658",715,93,2,6309.83921933085
"1659",715,94,3,6115.29857397504
"1660",715,95,0,5788.18625592417
"1661",715,96,1,5613.93911111111
"1662",715,97,3,6108.10902977906
"1663",715,98,0,5710.5013368984
"1664",715,99,1,6344.79174484053
"1665",715,100,5,6065.29804270463
"1666",715,101,4,6145.5940285205
"1667",715,102,2,6186.54479065239
"1668",715,103,0,6091.76048171276
"1669",715,104,2,6286.28819119025
"1670",715,105,3,6334.39269813001
"1671",715,106,5,6045.59188224799
"1672",715,107,1,6030.09660107335
"1673",715,108,4,6349.28456439394
"1674",715,109,1,6057.29107142857
"1675",715,110,4,5970.19412288513
"1676",715,111,2,6104.21839622642
"1677",715,112,3,6077.74331550802
"1678",715,113,0,6142.78717720392
"1679",715,114,5,6147.29946524064
"1680",715,115,4,6298.38191699605
"1681",715,116,5,6139.03339269813
"1682",715,117,2,5992.18050373134
"1683",715,118,1,5888.64203027605
"1684",715,119,3,6091.7541142304
"1685",715,120,0,6017.87911111111
"1686",716,1,4,6643.85443037975
"1687",716,2,2,6579.71624173749
"1688",716,3,5,6639.68064228368
"1689",716,4,0,6517.87076648841
"1690",716,5,1,6067.29566854991
"1691",716,6,3,6180.4385026738
"1692",716,7,4,6454.65965583174
"1693",716,8,1,6107.59022222222
"1694",716,9,2,5742.32391713748
"1695",716,10,5,6184.97944593387
"1696",716,11,0,6245.02526724976
"1697",716,12,3,6131.50222816399
"1698",716,13,2,6157.05815061964
"1699",716,14,3,6205.20695807315
"1700",716,15,4,6168.39750445633
"1701",716,16,0,6170.69734345351
"1702",716,17,1,5801.65491071429
"1703",716,18,5,6077.95361284567
"1704",716,19,4,6146.16074856046
"1705",716,20,0,6502.77276785714
"1706",716,21,3,6368.32279608192
"1707",716,22,1,6253.80357142857
"1708",716,23,2,6052.75754884547
"1709",716,24,5,6044.09733333333
"1710",716,25,3,6036.58155080214
"1711",716,26,5,6270.99643175736
"1712",716,27,4,6396.95450490633
"1713",716,28,2,6564.05409356725
"1714",716,29,0,6614.6500445236
"1715",716,30,1,6005.24199288256
"1716",716,31,0,5883.01914514693
"1717",716,32,4,6190.14879356568
"1718",716,33,5,6320.95818505338
"1719",716,34,3,6225.45503116652
"1720",716,35,2,6293.95807314897
"1721",716,36,1,6186.19660411081
"1722",716,37,4,6475.22604651163
"1723",716,38,2,6394.9585191793
"1724",716,39,0,6637.01277013752
"1725",716,40,3,6521.73909171861
"1726",716,41,5,6529.07130124777
"1727",716,42,1,6388.51515151515
"1728",716,43,4,6550.93097014925
"1729",716,44,3,6687.17098214286
"1730",716,45,1,6528.388101983
"1731",716,46,0,6128.82740213523
"1732",716,47,5,6109.11497326203
"1733",716,48,2,6086.8614738806
"1734",716,49,4,6387.21122994652
"1735",716,50,2,6289.56805019305
"1736",716,51,3,6427.98617305977
"1737",716,52,1,6255.50401069519
"1738",716,53,0,6448.89866666667
"1739",716,54,5,6334.43321460374
"1740",716,55,1,6404.8303650935
"1741",716,56,0,6343.9802631579
"1742",716,57,3,6306.93493761141
"1743",716,58,4,6540.9451382694
"1744",716,59,2,6355.07932263815
"1745",716,60,5,6232.28921568627
"1746",716,61,3,6010.08726625111
"1747",716,62,2,6535.63986354776
"1748",716,63,5,6288.72415329768
"1749",716,64,4,6349.22537878788
"1750",716,65,1,6503.78571428571
"1751",717,1,4,8058.06084396467
"1752",717,2,3,7926.956
"1753",717,3,5,8163.38588007737
"1754",717,4,2,7745.96651785714
"1755",717,5,0,7240.17988668555
"1756",717,6,1,7350.38334817453
"1757",717,7,2,7209.31656277827
"1758",717,8,5,7575.56188780053
"1759",717,9,0,7049.82858546169
"1760",717,10,3,7165.82633928571
"1761",717,11,4,7380.36842105263
"1762",717,12,1,7546.13802315227
"1763",717,13,0,5747.40961709706
"1764",717,14,1,6807.81326434619
"1765",717,15,3,7303.62544483986
"1766",717,16,2,6430.36393289842
"1767",717,17,5,7192.06016042781
"1768",717,18,4,6864.1760228354
"1769",717,19,2,6397.12233096085
"1770",717,20,5,7775.40018832392
"1771",717,21,4,6892.2803030303
"1772",717,22,0,6482.23641563394
"1773",717,23,1,6481.51787310098
"1774",717,24,3,6805.5545625588
"1775",717,25,4,6631.09794275492
"1776",717,26,1,6014.48729227761
"1777",717,27,0,6354.87277580071
"1778",717,28,2,7129.76176470588
"1779",717,29,5,7801.81177520071
"1780",717,30,3,6674.69642857143
"1781",717,31,0,6438.99240265907
"1782",717,32,5,6158.8140569395
"1783",717,33,4,6856.55133079848
"1784",717,34,1,7159.19875222816
"1785",717,35,2,6632.18622222222
"1786",717,36,3,6444.92521572387
"1787",717,37,4,7557.38883928571
"1788",717,38,1,6476.66637010676
"1789",717,39,5,7512.11632453568
"1790",717,40,3,6965.0414808207
"1791",717,41,2,6604.12064343164
"1792",717,42,0,6342.01855375833
"1793",717,43,2,6565.02448797863
"1794",717,44,3,7110.22103386809
"1795",717,45,1,6004.38434163701
"1796",717,46,4,7933.62795089707
"1797",717,47,0,5692.98798932384
"1798",717,48,5,6759.86533333333
"1799",717,49,1,6492.08888888889
"1800",717,50,4,7140.2508912656
"1801",717,51,0,6732.96106362773
"1802",717,52,5,6342.10017809439
"1803",717,53,2,6049.69660194175
"1804",717,54,3,6294.55748663102
"1805",717,55,0,6472.0510105871
"1806",717,56,2,5745.42444444444
"1807",717,57,4,6471.58244206774
"1808",717,58,1,4904.70782280867
"1809",717,59,5,5198.40605520926
"1810",717,60,3,6910.50485908649
"1811",717,61,0,6262.844
"1812",717,62,4,8443.06881143878
"1813",717,63,5,8484.86942959002
"1814",717,64,2,8474.74486940298
"1815",717,65,3,8469.32902938557
"1816",717,66,1,7939.71727515583
"1817",717,67,3,8450.52718360071
"1818",717,68,4,8597.67959001783
"1819",717,69,5,8601.16147686833
"1820",717,70,1,8411.95422222222
"1821",717,71,2,8445.38201246661
"1822",717,72,0,7475.68092691622
"1823",717,73,4,8227.04736842105
"1824",717,74,0,7517.96307829181
"1825",717,75,2,8329.91879131256
"1826",717,76,3,8463.83585409253
"1827",717,77,1,8076.31179245283
"1828",717,78,5,8500.7875
"1829",717,79,0,6762.60507569012
"1830",717,80,2,8268.25466666667
"1831",717,81,5,8030.61067961165
"1832",717,82,4,8453.66548358474
"1833",717,83,3,7716.68052930057
"1834",717,84,1,7699.20035618878
"1835",717,85,2,7968.02357651246
"1836",717,86,1,7266.99464763604
"1837",717,87,4,8026.371875
"1838",717,88,0,7699.88112199466
"1839",717,89,3,8128.68371886121
"1840",717,90,5,8319.68816725979
"1841",717,91,2,7837.43571428571
"1842",717,92,3,7705.63782337199
"1843",717,93,1,8026.7415480427
"1844",717,94,4,8167.80776092774
"1845",717,95,0,5999.91651865009
"1846",717,96,5,7570.03248031496
"1847",717,97,3,8025.96883348175
"1848",717,98,2,7909.721875
"1849",717,99,5,8102.8196794301
"1850",717,100,0,7116.47190008921
"1851",717,101,1,7493.8367528992
"1852",717,102,4,8378.88055062167
"1853",717,103,0,7321.27306967985
"1854",717,104,1,6952.81383928571
"1855",717,105,3,8185.42863514719
"1856",717,106,4,8157.00844444444
"1857",717,107,2,7534.15627950897
"1858",717,108,5,8275.0089047195
"1859",717,109,4,7597.72424511545
"1860",717,110,2,7903.6659252669
"1861",717,111,0,5828.87910028116
"1862",717,112,3,7236.00221827862
"1863",717,113,5,8203.60455764075
"1864",717,114,1,7944.28994360902
"1865",717,115,5,8360.63434163701
"1866",717,116,1,7669.31951871658
"1867",717,117,2,7626.01957295374
"1868",717,118,0,7423.80028462998
"1869",717,119,4,7828.36331255565
"1870",717,120,3,8262.38622222222
"1871",718,1,3,8495.5347950429
"1872",718,2,4,8497.53947368421
"1873",718,3,2,8258.40719360568
"1874",718,4,0,7359.76017029328
"1875",718,5,1,8232.41792369122
"1876",718,6,5,8308.34416195857
"1877",718,7,0,6225.93511111111
"1878",718,8,5,7803.93466666667
"1879",718,9,4,7871.3582787652
"1880",718,10,2,7077.68165627783
"1881",718,11,3,7865.89829706717
"1882",718,12,1,7208.11086375779
"1883",718,13,0,6454.85043562439
"1884",718,14,2,7526.67067736185
"1885",718,15,3,8006.93786407767
"1886",718,16,1,7660.00089206066
"1887",718,17,5,7976.65572232645
"1888",718,18,4,7746.15084294587
"1889",718,19,5,7756.93643263757
"1890",718,20,4,7004.33807829181
"1891",718,21,0,5634.63454198473
"1892",718,22,1,6994.8606411398
"1893",718,23,3,6892.51272015656
"1894",718,24,2,7431.99598214286
"1895",718,25,4,7935.33836589698
"1896",718,26,1,5890.70903954802
"1897",718,27,5,7237.69625334523
"1898",718,28,3,7429.89597315436
"1899",718,29,0,5725.95677361854
"1900",718,30,2,6821.21613190731
"1901",718,31,1,6660.43354148082
"1902",718,32,5,7735.93131132917
"1903",718,33,0,5647.22138836773
"1904",718,34,3,7125.06964285714
"1905",718,35,4,7897.38670829616
"1906",718,36,2,6925.55164319249
"1907",718,37,1,6693.55173951829
"1908",718,38,4,7759.80018850141
"1909",718,39,5,7825.39091718611
"1910",718,40,0,5455.89536954586
"1911",718,41,2,6327.55916370107
"1912",718,42,3,7802.30805243446
"1913",718,43,1,7589.95992876224
"1914",718,44,5,7755.70703472841
"1915",718,45,4,7657.5846585594
"1916",718,46,3,7935.00089285714
"1917",718,47,0,7530.0116713352
"1918",718,48,2,7563.32381801962
"1919",718,49,1,6966.9893924783
"1920",718,50,2,7764.93288888889
"1921",718,51,3,7744.96821631879
"1922",718,52,5,7599.27361853832
"1923",718,53,0,6869.44402634055
"1924",718,54,4,7283.12366548043
"1925",718,55,5,7348.72468043265
"1926",718,56,2,6897.31183274021
"1927",718,57,3,7614.72326203209
"1928",718,58,1,6642.65564202335
"1929",718,59,0,6015.32384341637
"1930",718,60,4,6806.82253384913
"1931",718,61,3,7373.02767857143
"1932",718,62,1,7413.04896421846
"1933",718,63,5,7887.28150134048
"1934",718,64,0,5640.40864527629
"1935",718,65,4,7021.06589492431
"1936",718,66,2,7401.91530317613
"1937",718,67,1,6462.58222222222
"1938",718,68,3,6836.4651500484
"1939",718,69,2,7291.82056990205
"1940",718,70,4,7719.76226583408
"1941",718,71,5,7789.28367528992
"1942",718,72,0,6446.85231316726
"1943",718,73,5,7038.20829616414
"1944",718,74,2,7201.06913470116
"1945",718,75,0,5930.13777777778
"1946",718,76,1,5743.72682709447
"1947",718,77,4,7327.82071901608
"1948",718,78,3,7459.32366071429
"1949",718,79,1,5734.17001915709
"1950",718,80,2,7293.55155555556
"1951",718,81,4,7186.78879310345
"1952",718,82,5,7296.97377777778
"1953",718,83,0,7104.22723214286
"1954",718,84,3,7312.3369462771
"1955",718,85,4,7478.60634495085
"1956",718,86,3,6366.9715048976
"1957",718,87,0,7274.68839285714
"1958",718,88,2,6438.43621197252
"1959",718,89,5,7633.02321428571
"1960",718,90,1,7325.25333926981
"1961",718,91,3,7359.74777183601
"1962",718,92,4,7481.90065913371
"1963",718,93,1,7542.22033898305
"1964",718,94,2,7242.22180094787
"1965",718,95,5,7288.37989323843
"1966",718,96,0,6735.64201762978
"1967",718,97,2,7266.84522747547
"1968",718,98,4,7506.83199643494
"1969",718,99,3,7679.37366548043
"1970",718,100,0,6584.62310606061
"1971",718,101,5,7033.67615658363
"1972",718,102,1,7052.82961641392
"1973",718,103,3,7668.81136580707
"1974",718,104,2,6769.69223907226
"1975",718,105,1,7087.60579710145
"1976",718,106,4,7798.72504456328
"1977",718,107,5,7248.61442564559
"1978",718,108,0,7103.6018683274
"1979",718,109,4,7453.19518716578
"1980",718,110,1,8036.38725490196
"1981",718,111,0,6428.26381461676
"1982",718,112,3,7339.02455357143
"1983",718,113,2,7260.19028520499
"1984",718,114,5,7858.60008896797
"1985",718,115,4,7798.70970614426
"1986",718,116,3,6603.73095014111
"1987",718,117,5,7493.16681534344
"1988",718,118,0,6825.48841354724
"1989",718,119,1,6459.74643493761
"1990",718,120,2,7607.37867975022
"1991",719,1,2,10921.3883677298
"1992",719,2,0,10651.2475442043
"1993",719,4,4,10403.1897674419
"1994",719,6,1,10549.1088867188
"1995",719,7,2,10563.232858415
"1996",719,8,4,10553.2689753321
"1997",719,9,3,10744.4853202847
"1998",719,10,1,10336.109344894
"1999",719,11,5,10733.2946666667
"2000",719,12,0,10550.9652255639
"2001",719,13,2,10560.0106856634
"2002",719,14,1,9957.78314393939
"2003",719,15,5,10568.9977738201
"2004",719,16,3,10546.4217221135
"2005",719,17,0,10622.3514719001
"2006",719,18,4,10872.1061776062
"2007",719,19,2,10729.3616548043
"2008",719,20,5,10484.4049227799
"2009",719,21,0,10314.4053333333
"2010",719,22,4,10402.3331758034
"2011",719,23,1,10304.8523639608
"2012",719,24,3,10412.7439893143
"2013",719,25,0,10582.0735294118
"2014",719,26,4,10372.6243315508
"2015",719,27,2,9579.66810758886
"2016",719,28,1,9856.12110418522
"2017",719,29,5,10084.6185807656
"2018",719,30,3,10448.0249332146
"2019",719,31,2,10320.1834774256
"2020",719,32,0,10290.5719360568
"2021",719,33,4,10572.5403696498
"2022",719,34,3,10349.1360392507
"2023",719,35,1,10005.6242690058
"2024",719,36,5,10406.4055258467
"2025",719,37,0,10516.9919811321
"2026",719,38,2,10533.0218165628
"2027",719,39,5,10082.5834879406
"2028",719,40,3,10453.3379341051
"2029",719,41,4,10088.9306358382
"2030",719,42,1,10523.3798932384
"2031",719,43,4,10501.56826742
"2032",719,44,3,9616.71275646744
"2033",719,45,1,10113.6483931947
"2034",719,46,5,9588.12789661319
"2035",719,47,0,9430.17393410853
"2036",719,48,2,9264.77540106952
"2037",719,49,1,9414.07366920152
"2038",719,50,0,9747.39260249554
"2039",719,51,5,10611.5028409091
"2040",719,52,4,10306.2013333333
"2041",719,53,3,10330.2621722846
"2042",719,54,2,10772.336
"2043",719,55,5,10556.2422243167
"2044",719,56,4,9680.32028469751
"2045",719,57,0,9999.03530534351
"2046",719,58,1,10115.9188224799
"2047",719,59,2,10081.9603250478
"2048",719,60,3,10526.3362989324
"2049",719,61,4,10098.986804901
"2050",719,62,3,9717.00622222222
"2051",719,63,1,10329.5521616541
"2052",719,64,5,10284.1742424242
"2053",719,65,0,10323.7623106061
"2054",719,66,2,9913.27491103203
"2055",719,67,5,9925.48323754789
"2056",719,68,2,10054.5472370766
"2057",719,69,0,9826.54549675023
"2058",719,70,4,10071.7415480427
"2059",719,71,1,9998.15971563981
"2060",719,72,3,10366.3758896797
"2061",719,73,0,10200.1714559387
"2062",719,74,1,10147.2491087344
"2063",719,75,2,10135.4471428571
"2064",719,76,4,10588.6631016043
"2065",719,77,3,10561.909221902
"2066",719,78,5,10431.5588235294
"2067",719,79,3,10193.9480901077
"2068",719,80,0,10237.8726625111
"2069",719,81,1,9419.91998106061
"2070",719,82,2,10200.2852049911
"2071",719,83,5,9697.61792905082
"2072",719,84,4,10116.0546666667
"2073",719,85,2,10076.8592278719
"2074",719,86,1,10311.4536128457
"2075",719,87,5,9657.76591576885
"2076",719,88,0,10178.649911032
"2077",719,89,3,10204.0239257812
"2078",719,90,4,9859.05071174377
"2079",719,91,1,10273.9403846154
"2080",719,92,5,10006.963935886
"2081",719,93,4,10085.6268011527
"2082",719,94,0,10559.6189624329
"2083",719,95,2,10670.6115819209
"2084",719,96,3,10263.5592691622
"2085",719,97,1,10109.6693857965
"2086",719,98,5,10526.2026785714
"2087",719,99,3,10128.5999057493
"2088",719,100,2,10291.1804444444
"2089",719,101,4,10435.0954504906
"2090",719,102,0,9506.52161383285
"2091",719,103,4,10461.2237076649
"2092",719,104,5,10264.2304270463
"2093",719,105,3,10251.6259765625
"2094",719,106,0,10388.4608192342
"2095",719,107,1,10338.2048888889
"2096",719,108,2,10081.6078524125
"2097",719,109,3,9813.20276292335
"2098",719,110,0,10215.4144736842
"2099",719,111,2,10550.9803571429
"2100",719,112,1,9993.81505576208
"2101",719,113,4,9881.32917038359
"2102",719,114,5,9615.02390243902
"2103",719,115,2,10245.027256479
"2104",719,116,1,10264.3971504898
"2105",719,117,4,10072.9224470135
"2106",719,118,3,10507.6197684773
"2107",719,119,5,10182.6989295272
"2108",719,120,0,10627.3041586074
"2109",720,1,2,11037.6069364162
"2110",720,2,1,10659.6150870406
"2111",720,3,3,10816.4563668744
"2112",720,4,0,10128.1485826002
"2113",720,5,5,10357.6669634907
"2114",720,6,4,10371.7789820924
"2115",720,7,5,10135.6272163121
"2116",720,8,4,10134.0160349854
"2117",720,9,2,9888.28724353256
"2118",720,10,1,8998.63533834586
"2119",720,11,3,9253.55164737311
"2120",720,12,0,9343.31992149166
"2121",720,13,3,9557.03035714286
"2122",720,14,1,8883.60216572505
"2123",720,15,5,8924.05560498221
"2124",720,16,4,10107.5799803729
"2125",720,17,2,8949.35299374441
"2126",720,18,0,8741.90483091787
"2127",720,19,5,9543.02896613191
"2128",720,20,1,9225.62547528517
"2129",720,21,2,10387.2927756654
"2130",720,22,3,9365.81088314005
"2131",720,23,0,8325.638063279
"2132",720,24,4,10459.6894548704
"2133",720,25,1,9507.22965116279
"2134",720,26,5,9794.48087188612
"2135",720,27,4,9292.57317073171
"2136",720,28,2,9395.49599644128
"2137",720,29,0,8929.23131672598
"2138",720,30,3,9984.03111111111
"2139",720,31,4,9127.93117010816
"2140",720,32,2,9657.27876520112
"2141",720,33,1,9469.07880676759
"2142",720,34,3,9293.17067736185
"2143",720,35,5,8039.7582625118
"2144",720,36,0,7757.48107852413
"2145",720,37,1,8056.06764427625
"2146",720,38,0,6957.26088888889
"2147",720,39,4,8416.83143939394
"2148",720,40,5,9276.21658767773
"2149",720,41,3,6613.48345935728
"2150",720,42,2,6594.29537366548
"2151",720,43,3,8507.2718401487
"2152",720,44,5,6608.77165725047
"2153",720,45,1,7254.52433206107
"2154",720,46,4,8691.99951876805
"2155",720,47,2,8777.11216730038
"2156",720,48,0,6441.67971530249
"2157",720,49,2,5986.57718120805
"2158",720,50,1,6517.63667315175
"2159",720,51,3,6156.00841908326
"2160",720,52,5,7463.51247771836
"2161",720,53,4,6794.99429657795
"2162",720,54,0,7581.97640249332
"2163",720,55,2,6774.9611059044
"2164",720,56,5,6227.16054158607
"2165",720,57,0,5936.54975845411
"2166",720,58,4,9157.34003831418
"2167",720,59,1,6233.3518683274
"2168",720,60,3,6708.09916201117
"2169",720,61,1,8063.72622222222
"2170",720,62,5,9924.77426955702
"2171",720,63,3,9586.6375779163
"2172",720,64,0,7931.00187617261
"2173",720,65,2,9764.80553077609
"2174",720,66,4,8273.95202257761
"2175",720,67,1,9196.66488413547
"2176",720,68,3,9460.88691006233
"2177",720,69,5,8254.27005347594
"2178",720,70,4,7106.05069767442
"2179",720,71,2,9665.25578291815
"2180",720,72,0,9474.88139534884
"2181",720,73,4,8473.93270944742
"2182",720,74,5,8862.47773820125
"2183",720,75,1,9607.33219178082
"2184",720,76,0,8815.95454545455
"2185",720,77,2,8280.65298840321
"2186",720,78,3,9472.16740872663
"2187",720,79,5,10165.8146666667
"2188",720,80,1,9832.64368327402
"2189",720,81,3,9042.98754448399
"2190",720,82,4,8292.80080213904
"2191",720,83,2,10139.3449575872
"2192",720,84,0,8958.90719360568
"2193",720,85,3,9782.29849340866
"2194",720,86,2,8416.66800714924
"2195",720,87,4,10375.8831291235
"2196",720,88,5,9548.89688888889
"2197",720,89,0,9663.24663461539
"2198",720,90,1,9781.49420677362
"2199",720,91,3,9909.52971698113
"2200",720,92,5,10143.5773333333
"2201",720,93,4,10089.995985727
"2202",720,94,1,9810.40222222222
"2203",720,95,2,9459.29278074866
"2204",720,96,0,6943.83971504898
"2205",720,97,2,10155.8864648264
"2206",720,98,1,7435.41845703125
"2207",720,99,5,10260.9950936664
"2208",720,100,0,9773.59779482263
"2209",720,101,3,9342.9839715049
"2210",720,102,4,9798.96349065005
"2211",720,103,1,10097.155856728
"2212",720,104,2,9967.24711111111
"2213",720,105,5,10410.2248441674
"2214",720,106,0,10018.9478609626
"2215",720,107,4,10437.4465240642
"2216",720,108,3,10389.7987747408
"2217",720,109,4,9830.79482604817
"2218",720,110,1,10265.2099056604
"2219",720,111,0,10138.77029438
"2220",720,112,2,10402.0268336315
"2221",720,113,5,10199.7936720143
"2222",720,114,3,9896.64754098361
"2223",720,115,4,10482.5694568121
"2224",720,116,2,9641.96571682992
"2225",720,117,5,9522.18477292965
"2226",720,118,1,8537.55529300567
"2227",720,119,0,8904.28194816801
"2228",720,120,3,9926.12589285714
